Theater Company / School / Artistic Organization,Alt names,Link to more info,Language,Type of Organization,Year Founded,Year Ended,Location,Location,Location,Location,Location,Location,Location,VT Leadership,Pre or Post?,VT Leadership,Pre or Post?,VT Leadership,Pre or Post?,VT Leadership,Pre or Post?,VT Member,Pre or Post?,VT Member,Pre or Post?,VT Member,Pre or Post?,VT Member,Pre or Post?,VT Member,Pre or Post?,VT Member,Pre or Post?,VT Member,Pre or Post?,VT Member,Pre or Post?,VT Member,Pre or Post?,VT Member,Pre or Post?,VT Member,Pre or Post?,VT Member,Pre or Post?,VT Member,Pre or Post?,VT Member,Pre or Post?,VT Member,Pre or Post?,VT Member,Pre or Post?,VT Member,Pre or Post?,VT Member,Pre or Post?,VT Member,Pre or Post?,VT Member,Pre or Post?,VT Member,Pre or Post?,VT Member,Pre or Post?,VT Member,Pre or Post?,VT Member,Pre or Post?,VT Member,Pre or Post?,VT Member,Pre or Post?,VT Member,Pre or Post?,VT Member,Pre or Post?,VT Member,Pre or Post?,VT Member,Pre or Post?,VT Member,Pre or Post?,VT Member,Pre or Post?,VT Member,Pre or Post?,VT Member,Pre or Post?,VT Member,Pre or Post?,VT Member,Pre or Post?,VT Member,Pre or Post?,VT Member,Pre or Post?,VT Member,Pre or Post?,VT Member,Pre or Post?,VT Member,Pre or Post?,2nd/3rd degree conn,Role,2nd/3rd degree conn,Role,2nd/3rd degree conn,Role,2nd/3rd degree conn,Role,2nd/3rd degree conn,Role,2nd/3rd degree conn,Role,2nd/3rd degree conn,Role,2nd/3rd degree conn,Role,2nd/3rd degree conn,Role,2nd/3rd degree conn,Role,2nd/3rd degree conn,Role,2nd/3rd degree conn,Role,2nd/3rd degree conn,Role,2nd/3rd degree conn,Role,2nd/3rd degree conn,Role,2nd/3rd degree conn,Role,2nd/3rd degree conn,Role,2nd/3rd degree conn,Role,2nd/3rd degree conn,Role,2nd/3rd degree conn,Role,2nd/3rd degree conn,Role,2nd/3rd degree conn,Role,2nd/3rd degree conn,Role,2nd/3rd degree conn,Role,2nd/3rd degree conn,Role,2nd/3rd degree conn,Role,2nd/3rd degree conn,Role,Inspired,Inspired,Inspired,Inspired,Inspired,Inspired,Inspired,
A kamer teater,,none,Yiddish,Amateur,1918,1919,St. Petersburg,,,,,,,Mendl Elkin,,,,,,,,,,,,,,,,,,,,,,,,,,,,,,,,,,,,,,,,,,,,,,,,,,,,,,,,,,,,,,,,,,,,,,,,,,,,,,,,,,,,,,,,,,Alexander Granovsky,Founder,A. Vayter,Founder,,,,,,,,,,,,,,,,,,,,,,,,,,,,,,,,,,,,,,,,,,,,,,,,,,,,,,,,,,
Academy of Fine Arts in Warsaw,Akademia Sztuk Pięknych w Warszawie,http://culture.pl/en/place/academy-of-fine-arts-in-warsaw,Polish,School,1812,Present,Warsaw,,,,,,,,,,,,,,,Henryk Berlewi,Pre,Maks Haneman,,,,,,,,,,,,,,,,,,,,,,,,,,,,,,,,,,,,,,,,,,,,,,,,,,,,,,,,,,,,,,,,,,,,,,,,,,,,,,,,,,,,,,,,,,,,,,,,,,,,,,,,,,,,,,,,,,,,,,,,,,,,,,,,,,,,,,,,,,,,,
Ahata Amateur Theater Club,,,Yiddish,Amateur,,,Warsaw,,,,,,,Baruch Lumet,Pre,,,,,,,Yankev Shidlo,Pre,,,,,,,,,,,,,,,,,,,,,,,,,,,,,,,,,,,,,,,,,,,,,,,,,,,,,,,,,,,,,,,,,,,,,,,,,,,,,,,,,,,,,,,,,,,,,,,,,,,,,,,,,,,,,,,,,,,,,,,,,,,,,,,,,,,,,,,,,,,,,,
Akademia Teatralna im. Aleksandra Zelwerowicza ,"National School of Drama, Państwowej Wyższej Szkoły Teatralnej",http://culture.pl/pl/miejsce/akademia-teatralna-im-aleksandra-zelwerowicza-w-warszawie,Polish,School,1946,Present,Warsaw,Lodz,,,,,,Andrzej Pronaszko,Post,,,,,,,Reuven Rubin,Pre,,,,,,,,,,,,,,,,,,,,,,,,,,,,,,,,,,,,,,,,,,,,,,,,,,,,,,,,,,,,,,,,,,,,,,,,,,,,,,,,,,,,,,,,,,,,,,,,,,,,,,,,,,,,,,,,,,,,,,,,,,,,,,,,,,,,,,,,,,,,,,
Akord,,None,Yiddish,Professional,1937,1938,EE Touring,,,,,,,Yankev Mandlblit,Post,Simkhe Vaynshtok,Post,,,,,,,,,,,,,,,,,,,,,,,,,,,,,,,,,,,,,,,,,,,,,,,,,,,,,,,,,,,,,,,,,,,,,,,,,,,,,,,,,,,,,,,,,,,,,,,,,,,,,,,,,,,,,,,,,,,,,,,,,,,,,,,,,,,,,,,,,,,,,,,,,,,,
Alexei Suvorin Dramatic School,,https://books.google.com/books?id=z29_AgAAQBAJ&pg=PA204&lpg=PA204&dq=Alexei+Suvorin+Dramatic+School&source=bl&ots=D9TMKC59eU&sig=YyyFGx3pK04t7KFah-0xz5wv3qY&hl=en&sa=X&ved=0CCcQ6AEwAmoVChMInNC8s5bqxgIVCjaSCh1YGQDC#v=onepage&q=Alexei%20Suvorin%20Dramatic%20School&f=false,Russian,School,,,St. Petersburg,,,,,,,,,,,,,,,Avrom Morevsky,Pre,Lidia Pototska,Pre,,,,,,,,,,,,,,,,,,,,,,,,,,,,,,,,,,,,,,,,,,,,,,,,,,,,,,,,,,,,,,,,,,,,,,,,,,,,,,,,,,,,,,,,,,,,,,,,,,,,,,,,,,,,,,,,,,,,,,,,,,,,,,,,,,,,,,,,,,,,
Alvin Ailey Dance Company,,http://www.alvinailey.org,English,Professional Dance,,,New York,,,,,,,,,,,,,,,,,,,,,,,,,,,,,,,,,,,,,,,,,,,,,,,,,,,,,,,,,,,,,,,,,,,,,,,,,,,,,,,,,,,,,,,,,,,,,,,,,Ze'eva Cohen,Dancer,,,,,,,,,,,,,,,,,,,,,,,,,,,,,,,,,,,,,,,,,,,,,,,,,,,,,,,,,,,,
American Laboratory Theater,"ALT, Theatre Arts Institute",https://en.wikipedia.org/wiki/American_Laboratory_Theatre,English,"Professional, School",1923,,New York,,,,,,,,,,,,,,,,,,,,,,,,,,,,,,,,,,,,,,,,,,,,,,,,,,,,,,,,,,,,,,,,,,,,,,,,,,,,,,,,,,,,,,,,,,,,,,,,,Richard Boleslavsky,Founder,Maria Ouspenskaya ,Founder,Lee Strasberg,"Performer, Student",Harold Clurman,"Performer, Student",Stella Adler,"Performer, Student",John Garfield,Student,,,,,,,,,,,,,,,,,,,,,,,,,,,,,,,,,,,,,,,,,,,,,,,,,,
Anna Sokolow Dance Company,,http://jwa.org/encyclopedia/article/sokolow-anna,English,Professional Dance,,,New York,,,,,,,,,,,,,,,,,,,,,,,,,,,,,,,,,,,,,,,,,,,,,,,,,,,,,,,,,,,,,,,,,,,,,,,,,,,,,,,,,,,,,,,,,,,,,,,,,Ze'eva Cohen,Dancer,,,,,,,,,,,,,,,,,,,,,,,,,,,,,,,,,,,,,,,,,,,,,,,,,,,,,,,,,,,,
Ararat,Artistisher Revolutsyonerer Revi-Teatr,http://www.yivoencyclopedia.org/article.aspx/Kleynkunst,Yiddish ,Cabaret,,,Lodz,,,,,,,Moyshe Broderzon,Pre,,,,,,,Henekh Kon,Post,Klara Segalovitch,Post,Yankev Reynglas,Pre,Yoyel Bergman,Post,Moyshe Potashinski,Post,Henryk Berlewi,Pre,Yitzkhok Broyner,Pre,Nadia Kareni,Pre,Pepi Urich,Pre,Simkhe Vaynshtok,Pre,,,,,,,,,,,,,,,,,,,,,,,,,,,,,,,,,,,,,,,,,,,,,,,,,,,,,,,,,,,,,,,,,Yisroel Shumacher,Actor,Shmuel Dzhigan,Actor,Judith Berg,Choreographer,Zisl Gorlitska-Reynglas,Actor,,,,,,,,,,,,,,,,,,,,,,,,,,,,,,,,,,,,,,,,,,,,,,,,,,,,
Art Students League of New York,,https://en.wikipedia.org/wiki/Art_Students_League_of_New_York,English,School,1875,Present,New York,,,,,,,,,,,,,,,Mau Zolotarof,Pre,,,,,,,,,,,,,,,,,,,,,,,,,,,,,,,,,,,,,,,,,,,,,,,,,,,,,,,,,,,,,,,,,,,,,,,,,,,,,,,,,,,,,,,,,,,,,,,,,,,,,,,,,,,,,,,,,,,,,,,,,,,,,,,,,,,,,,,,,,,,,,
Artef,Arbeter Teater Farband,https://books.google.com/books/about/Yiddish_Proletarian_Theatre.html?id=doILAQAAMAAJ,Yiddish,Professional,,,New York,,,,,,,Yankev Mestel,Pre,,,,,,,Fela Biro,Post,Joseph Buloff,Post,Mau Zolotarof,Post,Mark Schweid,Post,,,,,,,,,,,,,,,,,,,,,,,,,,,,,,,,,,,,,,,,,,,,,,,,,,,,,,,,,,,,,,,,,,,,,,,,,,,Boris Aronson,Designer,,,,,,,,,,,,,,,,,,,,,,,,,,,,,,,,,,,,,,,,,,,,,,,,,,,,,,,,,,,,
Art et Action,,https://books.google.com/books?id=GxYfAgAAQBAJ&pg=PR3&dq=art+et+action&source=gbs_selected_pages&cad=3#v=onepage&q=art%20et%20action&f=false,French,Professional,1919,1939,Paris,,,,,,,,,,,,,,,,,,,,,,,,,,,,,,,,,,,,,,,,,,,,,,,,,,,,,,,,,,,,,,,,,,,,,,,,,,,,,,,,,,,,,,,,,,,,,,,,,Louise Lara,Founder,,,,,,,,,,,,,,,,,,,,,,,,,,,,,,,,,,,,,,,,,,,,,,,,,,,,,,,,,,,,
Artistishe vinkele,,https://books.google.com/books?id=ABnQTU7xYJ8C&pg=PA429&lpg=PA429&dq=artistishe+vinkele+yiddish&source=bl&ots=vNSF-cfwpK&sig=m-2BZRyqQvE1pdvhFZWIOyR9ibk&hl=en&sa=X&ved=0CEAQ6AEwBmoVChMI7Jjw-pfqxgIVknySCh3aig23#v=onepage&q=artistishe%20vinkele%20yiddish&f=false,Yiddish,Amateur,,,Warsaw,,,,,,,Dovid Herman,Pre,Zygmunt Turkow,Pre,,,,,Bela Belarina,Pre,Hersh Poznansky,Pre,Henrik Tarlo,Pre,Miriam Veyde,Pre,,,,,,,,,,,,,,,,,,,,,,,,,,,,,,,,,,,,,,,,,,,,,,,,,,,,,,,,,,,,,,,,,,,,,,,,,,,Yonas Turkow,Actor,,,,,,,,,,,,,,,,,,,,,,,,,,,,,,,,,,,,,,,,,,,,,,,,,,,,,,,,,,,,
Azazel,,http://www.yivoencyclopedia.org/article.aspx/Kleynkunst,Yiddish,Cabaret,,,Warsaw,,,,,,,Dovid Herman,Post,Henekh Kon,Post,Moyshe Broderzon,Pre,,,Ruth Taru,Pre,Jacob Rotbaum,Pre,Władysław Weintraub,Pre,Hersh Poznanski,Pre,Dovid Birnboym,Pre,Yitzkhok Grudberg,Pre,Yankev Mansdorf,Pre,Nokhum Melnik,Pre,Moyshe Potashinski,Pre,Henryk Berlewi,Pre,Falie Goldhirsh,Post,Zalmen Hirshfeld,Pre,Miriam Lipska-Mansdorf,Pre,Pepi Urich,Pre,Simkhe Vaynshtok,Pre,Yoysef Shlivniak,Post,Nadia Kareni,Pre,,,,,,,,,,,,,,,,,,,,,,,,,,,,,,,,,,,,,,,,,,,,,,,,,Władysław Godik,Founder,,,Ola Lilith,Actor,Tea Artsishevska,Actor,,,,,,,,,,,,,,,,,,,,,,,,,,,,,,,,,,,,,,,,,,,,,,,,,,,,,,
Balaganeydn,,none,Yiddish,Cabaret,1938,,Danzig,Grodno,Bialystok,Rovne,Lemberg,Lodz,Vilna,Yoyel Bergman,Post,Dovid Birnboym,Post,Yankev Reynglas,Post,,,,,,,,,,,,,,,,,,,,,,,,,,,,,,,,,,,,,,,,,,,,,,,,,,,,,,,,,,,,,,,,,,,,,,,,,,,,,,,,,,,,,Khayele Shiper,Actor,,,,,,,,,,,,,,,,,,,,,,,,,,,,,,,,,,,,,,,,,,,,,,,,,,,,,,,,,,,,
Ballet Russe de Monte Carlo,,https://en.wikipedia.org/wiki/Ballet_Russe_de_Monte_Carlo,French,Professional Dance,1938,1968,Paris,,,,,,,,,,,,,,,,,,,,,,,,,,,,,,,,,,,,,,,,,,,,,,,,,,,,,,,,,,,,,,,,,,,,,,,,,,,,,,,,,,,,,,,,,,,,,,,,,Mia Slavenska,Dancer,Cyd Charisse,Dancer,,,,,,,,,,,,,,,,,,,,,,,,,,,,,,,,,,,,,,,,,,,,,,,,,,,,,,,,,,
Ballet Variante,,https://en.wikipedia.org/wiki/Mia_Slavenska,English,Professional Dance,1944,1950,Los Angeles,,,,,,,,,,,,,,,,,,,,,,,,,,,,,,,,,,,,,,,,,,,,,,,,,,,,,,,,,,,,,,,,,,,,,,,,,,,,,,,,,,,,,,,,,,,,,,,,,Mia Slavenska,"Founder, Dancer",,,,,,,,,,,,,,,,,,,,,,,,,,,,,,,,,,,,,,,,,,,,,,,,,,,,,,,,,,,,
Batsheva Dance Company,,https://en.wikipedia.org/wiki/Batsheva_Dance_Company,Hebrew,Professional Dance,,,Tel Aviv,,,,,,,,,,,,,,,,,,,,,,,,,,,,,,,,,,,,,,,,,,,,,,,,,,,,,,,,,,,,,,,,,,,,,,,,,,,,,,,,,,,,,,,,,,,,,,,,,Ze'eva Cohen,Dancer,Zvi Gotheiner,Dancer,,,,,,,,,,,,,,,,,,,,,,,,,,,,,,,,,,,,,,,,,,,,,,,,,,,,,,,,,,
Bauhaus,Staatliches Bauhaus,https://en.wikipedia.org/wiki/Bauhaus,German,School,1919,1933,Weimar,Dessau,Berlin,,,,,,,,,,,,,Szymon Syrkus,Pre,,,,,,,,,,,,,,,,,,,,,,,,,,,,,,,,,,,,,,,,,,,,,,,,,,,,,,,,,,,,,,,,,,,,,,,,,,,,,,,,,,,,,,,,,,,,,,,,,,,,,,,,,,,,,,,,,,,,,,,,,,,,,,,,,,,,,,,,,,,,,,
Berlin Philharmonic,,https://en.wikipedia.org/wiki/Berlin_Philharmonic,German,Orchestra,,,Berlin,,,,,,,,,,,,,,,,,,,,,,,,,,,,,,,,,,,,,,,,,,,,,,,,,,,,,,,,,,,,,,,,,,,,,,,,,,,,,,,,,,,,,,,,,,,,,,,,,Paul Kletzki,Conductor,,,,,,,,,,,,,,,,,,,,,,,,,,,,,,,,,,,,,,,,,,,,,,,,,,,,,,,,,,,,
Bezalel School of Arts and Crafts,Bezalel Academy of Arts and Design,https://en.wikipedia.org/wiki/Bezalel_school,Hebrew,School,1906,Present,Jerusalem,,,,,,,,,,,,,,,,,,,,,,,,,,,,,,,,,,,,,,,,,,,,,,,,,,,,,,,,,,,,,,,,,,,,,,,,,,,,,,,,,,,,,,,,,,,,,,,,,,,,,,,,,,,,,,,,,,,,,,,,,,,,,,,,,,,,,,,,,,,,,,,,,,,,,,,,,,,,,,
Bialystok Yiddish State Theater,Bialystoker Yidish Dramatisher Melukhe-Teater,http://www.yivoencyclopedia.org/article.aspx/Soviet_State_Yiddish_Theaters,Yiddish,Professional,1939,,Bialystok,,,,,,,Avrom Morevsky,Post,Morits Norvid,Post,,,,,,,,,,,,,,,,,,,,,,,,,,,,,,,,,,,,,,,,,,,,,,,,,,,,,,,,,,,,,,,,,,,,,,,,,,,,,,,,,,,,,,,Max Wiskind,Artistic Director,,,,,,,,,,,,,,,,,,,,,,,,,,,,,,,,,,,,,,,,,,,,,,,,,,,,,,,,,,,,
Birobidzhaner State Theater,Kaganovitch Yiddish Theater,http://www.yivoencyclopedia.org/article.aspx/Soviet_State_Yiddish_Theaters,Yiddish,Professional,,,"Birobidzhan, Russia",,,,,,,Alex Stein,Post,,,,,,,,,,,,,,,,,,,,,,,,,,,,,,,,,,,,,,,,,,,,,,,,,,,,,,,,,,,,,,,,,,,,,,,,,,,,,,,,,,,,,,,,,,,,,,,,,,,,,,,,,,,,,,,,,,,,,,,,,,,,,,,,,,,,,,,,,,,,,,,,,,,,,,
BITS,"Bukhareshter Idishe Teater Studiye, Studioul teatrul evreiesc din Bucurest",http://jwa.org/encyclopedia/article/romanian-yiddish-theater,Yiddish,Professional,1930,193?,Bucharest,,,,,,,Yankev Shternberg,Post,,,,,,,,,,,,,,,,,,,,,,,,,,,,,,,,,,,,,,,,,,,,,,,,,,,,,,,,,,,,,,,,,,,,,,,,,,,,,,,,,,,,,,,,,,,,,,,,,,,,,,,,,,,,,,,,,,,,,,,,,,,,,,,,,,,,,,,,,,,,,,,Tudor Arghezi ,,,,,,,
Boguslawski Theatre,,none,Polish,Professional,,,Warsaw,,,,,,,,,,,,,,,Andrzej Pronaszko,Pre,,,,,,,,,,,,,,,,,,,,,,,,,,,,,,,,,,,,,,,,,,,,,,,,,,,,,,,,,,,,,,,,,,,,,,,,,,,,,,,,,Leon Schiller,Director,,,,,,,,,,,,,,,,,,,,,,,,,,,,,,,,,,,,,,,,,,,,,,,,,,,,,,,,,,,,
Os Comediantes,,http://www.yivoencyclopedia.org/article.aspx/Turkow_Family,Portuguese,Professional,1940,,Sao Paolo,,,,,,,Zygmunt Turkow,Post,,,,,,,,,,,,,,,,,,,,,,,,,,,,,,,,,,,,,,,,,,,,,,,,,,,,,,,,,,,,,,,,,,,,,,,,,,,,,,,,,,,,,,,,,,,,,,,,,,,,,,,,,,,,,,,,,,,,,,,,,,,,,,,,,,,,,,,,,,,,,,,,,,,,,,
Breitman-Teffner Yiddish Theater Company,,none,Yiddish,Professional,,,Johannesburg,,,,,,,,,,,,,,,Natan Breitman,Post,Hertz Grosbard,Post,,,,,,,,,,,,,,,,,,,,,,,,,,,,,,,,,,,,,,,,,,,,,,,,,,,,,,,,,,,,,,,,,,,,,,,,,,,,,,,,,,,,,,,,,,,,,,,,,,,,,,,,,,,,,,,,,,,,,,,,,,,,,,,,,,,,,,,,,,,,
Bronx Art Theater,,none,Yiddish,Professional,,,New York,,,,,,,Mark Schweid,Post,,,,,,,Helen Zelinskaya,Post,,,,,,,,,,,,,,,,,,,,,,,,,,,,,,,,,,,,,,,,,,,,,,,,,,,,,,,,,,,,,,,,,,,,,,,,,,,,,,,,,Zvi Scooler,Actor,,,,,,,,,,,,,,,,,,,,,,,,,,,,,,,,,,,,,,,,,,,,,,,,,,,,,,,,,,,,
Bucharest Yiddish State Theater,,http://www.yivoencyclopedia.org/article.aspx/Soviet_State_Yiddish_Theaters,Yiddish,Professional,,,Bucharest,,,,,,,,,,,,,,,Dina Koenig,Post,,,,,,,,,,,,,,,,,,,,,,,,,,,,,,,,,,,,,,,,,,,,,,,,,,,,,,,,,,,,,,,,,,,,,,,,,,,,,,,,,Lia Koenig,Actor,,,,,,,,,,,,,,,,,,,,,,,,,,,,,,,,,,,,,,,,,,,,,,,,,,,,,,,,,,,,
Burgtheater,Burgtheater Wien,https://en.wikipedia.org/wiki/Burgtheater,German,Professional,1741,Present,Vienna,,,,,,,,,,,,,,,Gertrud Kraus,Post,,,,,,,,,,,,,,,,,,,,,,,,,,,,,,,,,,,,,,,,,,,,,,,,,,,,,,,,,,,,,,,,,,,,,,,,,,,,,,,,,Gertrud Bodenwieser,Choreographer, ,,,,,,,,,,,,,,,,,,,,,,,,,,,,,,,,,,,,,,,,,,,,,,,,,,,,,,,,,,,
Cape Jewish Dramatic Society,,none,Yiddish,Amateur,,,Cape Town,,,,,,,,,,,,,,,Natan Breitman,Post,,,,,,,,,,,,,,,,,,,,,,,,,,,,,,,,,,,,,,,,,,,,,,,,,,,,,,,,,,,,,,,,,,,,,,,,,,,,,,,,,Paul Breitman,Actor/Producer,,,,,,,,,,,,,,,,,,,,,,,,,,,,,,,,,,,,,,,,,,,,,,,,,,,,,,,,,,,,
Cape Town Zionist Society Amateur Drama Club,,none,Yiddish,Amateur,,,Cape Town,,,,,,,Herman Kowarsky,Post,,,,,,,,,,,,,,,,,,,,,,,,,,,,,,,,,,,,,,,,,,,,,,,,,,,,,,,,,,,,,,,,,,,,,,,,,,,,,,,,,,,,,,,,,,,,,,,,,,,,,,,,,,,,,,,,,,,,,,,,,,,,,,,,,,,,,,,,,,,,,,,,,,,,,,
Chad-Gadyo,,none,Yiddish,Professional,1922,,Lodz,,,,,,,Henekh Kon,Post,Yitzkhok Broyner,Pre,Moyshe Broderzon,Pre,,,,,,,,,,,,,,,,,,,,,,,,,,,,,,,,,,,,,,,,,,,,,,,,,,,,,,,,,,,,,,,,,,,,,,,,,,,,,,,,,,,,,,,,,,,,,,,,,,,,,,,,,,,,,,,,,,,,,,,,,,,,,,,,,,,,,,,,,,,,,,,,,,
Chicago Dramatishe Gezelshaft,CDG,https://www.academia.edu/2090781/Heymish_Modernism_Joseph_Buloffs_Chicago_Revaluation_of_the_American_Yiddish_Theater,Yiddish,Amateur,,,Chicago,,,,,,,Joseph Buloff,Post,,,,,,,Luba Kadison,Post,Avrom Morevsky,Post,Avrom Taytlboym,Post,Benjamin Fishbein,Pre,,,,,,,,,,,,,,,,,,,,,,,,,,,,,,,,,,,,,,,,,,,,,,,,,,,,,,,,,,,,,,,,,,,,,,,,,,,,,,,,,,,,,,,,,,,,,,,,,,,,,,,,,,,,,,,,,,,,,,,,,,,,,,,,,,,,,,,,
Civic Repertory Theatre,,https://en.wikipedia.org/wiki/Fourteenth_Street_Theatre,English,Professional,,,New York,,,,,,,,,,,,,,,,,,,,,,,,,,,,,,,,,,,,,,,,,,,,,,,,,,,,,,,,,,,,,,,,,,,,,,,,,,,,,,,,,,,,,,,,,,,,,,,,,Eva Le Gallienne,Founder,,,,,,,,,,,,,,,,,,,,,,,,,,,,,,,,,,,,,,,,,,,,,,,,,,,,,,,,,,,,
Comédie Française,,https://en.wikipedia.org/wiki/Comédie-Française,French,Professional,1680,Present,Paris,,,,,,,,,,,,,,,,,,,,,,,,,,,,,,,,,,,,,,,,,,,,,,,,,,,,,,,,,,,,,,,,,,,,,,,,,,,,,,,,,,,,,,,,,,,,,,,,,Louise Lara,Actor,Sarah Bernhardt,Actor,,,,,,,,,,,,,,,,,,,,,,,,,,,,,,,,,,,,,,,,,,,,,,,,,,,,,,,,,,
Congrès International d'Architecture Moderne (CIAM),CIAM,https://en.wikipedia.org/wiki/Congrès_International_d%27Architecture_Moderne,Polish,Artistic group,1928,,"La Sarraz, Switzerland",,,,,,,Szymon Syrkus,Pre,,,,,,,,,,,,,,,,,,,,,,,,,,,,,,,,,,,,,,,,,,,,,,,,,,,,,,,,,,,,,,,,,,,,,,,,,,,,,,,,,,,,,,,,,Hannes Meyer,Founder,Le Corbusier,Founder,,,,,,,,,,,,,,,,,,,,,,,,,,,,,,,,,,,,,,,,,,,,,,,,,,,,,,,,,,
Cooper Union,,https://en.wikipedia.org/wiki/Cooper_Union,English,College/University,,,New York,,,,,,,,,,,,,,,Mau Zolotarof,Pre,,,,,,,,,,,,,,,,,,,,,,,,,,,,,,,,,,,,,,,,,,,,,,,,,,,,,,,,,,,,,,,,,,,,,,,,,,,,,,,,,,,,,,,,,,,,,,,,,,,,,,,,,,,,,,,,,,,,,,,,,,,,,,,,,,,,,,,,,,,,,,
Cricot 2,,http://www.cricoteka.pl/en/main.php?d=teatr&kat=6,Polish,Professional,1955,1991,Krakow,,,,,,,,,,,,,,,,,,,,,,,,,,,,,,,,,,,,,,,,,,,,,,,,,,,,,,,,,,,,,,,,,,,,,,,,,,,,,,,,,,,,,,,,,,,,,,,,,Tadeusz Kantor,Founder,,,,,,,,,,,,,,,,,,,,,,,,,,,,,,,,,,,,,,,,,,,,,,,,,,,,,,,,,,,,
Dallas Institute of Performing Arts,,https://en.wikipedia.org/wiki/Baruch_Lumet,English,"Professional, School",,,Dallas,,,,,,,Baruch Lumet,Post,,,,,,,,,,,,,,,,,,,,,,,,,,,,,,,,,,,,,,,,,,,,,,,,,,,,,,,,,,,,,,,,,,,,,,,,,,,,,,,,,,,,,,,,,Jayne Mansfield,Student,Rip Torn,Student,,,,,,,,,,,,,,,,,,,,,,,,,,,,,,,,,,,,,,,,,,,,,,,,,,,,,,,,,,
Dallas Symphony Orchestra,,https://en.wikipedia.org/wiki/Dallas_Symphony_Orchestra,English,Orchestra,,,Dallas,,,,,,,,,,,,,,,,,,,,,,,,,,,,,,,,,,,,,,,,,,,,,,,,,,,,,,,,,,,,,,,,,,,,,,,,,,,,,,,,,,,,,,,,,,,,,,,,,Paul Kletzki,Conductor,,,,,,,,,,,,,,,,,,,,,,,,,,,,,,,,,,,,,,,,,,,,,,,,,,,,,,,,,,,,
Deutsches Theater,,https://en.wikipedia.org/wiki/Deutsches_Theater,German,Professional,,,Berlin,,,,,,,,,,,,,,,Lidia Pototska,Pre,,,,,,,,,,,,,,,,,,,,,,,,,,,,,,,,,,,,,,,,,,,,,,,,,,,,,,,,,,,,,,,,,,,,,,,,,,,,,,,,,Alexander Granovsky,Director,Max Reinhardt,Director,Alexander Moissi,Actor,,,,,,,,,,,,,,,,,,,,,,,,,,,,,,,,,,,,,,,,,,,,,,,,,,,,,,,,
Di bande,The Strugatsh Band,none,Yiddish,Cabaret,,,Vilna,,,,,,,,,,,,,,,Zalmen Hirshfeld,Pre,Yosef Kamen,Pre,Nadia Kareni,Pre,Ester Rapel,Pre,,,,,,,,,,,,,,,,,,,,,,,,,,,,,,,,,,,,,,,,,,,,,,,,,,,,,,,,,,,,,,,,,,,,,,,,,,,,,,,,,,,,,,,,,,,,,,,,,,,,,,,,,,,,,,,,,,,,,,,,,,,,,,,,,,,,,,,,
Di maske,,none,Yiddish,Amateur,,,Lviv,,,,,,,,,,,,,,,Fritz Kleynman,Pre,,,,,,,,,,,,,,,,,,,,,,,,,,,,,,,,,,,,,,,,,,,,,,,,,,,,,,,,,,,,,,,,,,,,,,,,,,,,,,,,,,,,,,,,,,,,,,,,,,,,,,,,,,,,,,,,,,,,,,,,,,,,,,,,,,,,,,,,,,,,,,
Di yidishe bande,,http://www.yivoencyclopedia.org/article.aspx/Kleynkunst,Yiddish,Cabaret,1931?,1939?,Kalisz,Lodz,Krakow,Vilna,Paris,Argentina,Brazil,,,,,,,,,Leon Liebgold,Post,Shmuel Sheftel,Post,A. Roytman,Post,Rokhl Holtzer,Post,,,,,,,,,,,,,,,,,,,,,,,,,,,,,,,,,,,,,,,,,,,,,,,,,,,,,,,,,,,,,,,,,,,,,,,,,,,Lili Liliana,Actor,Malvina Rapel,Actor,Shimon Dzigan,Actor,Yisroel Shumacher,Actor,,,,,,,,,,,,,,,,,,,,,,,,,,,,,,,,,,,,,,,,,,,,,,,,Dovid Herman,,,,,,
Di Yunge Bine,,none,Yiddish,Professional,,,"Traveling, EE",,,,,,,,,,,,,,,Yitzkhok Grudberg,Pre,,,,,,,,,,,,,,,,,,,,,,,,,,,,,,,,,,,,,,,,,,,,,,,,,,,,,,,,,,,,,,,,,,,,,,,,,,,,,,,,,Yonas Turkow,"Founder, Director",,,,,,,,,,,,,,,,,,,,,,,,,,,,,,,,,,,,,,,,,,,,,,,,,,,,,,,,,,,,
Dos Baveglekhe Dramatishe Teater,,none,Yiddish,Professional,,,"Traveling, EE",,,,,,,,,,,,,,,Yitzkhok Grudberg,Pre,,,,,,,,,,,,,,,,,,,,,,,,,,,,,,,,,,,,,,,,,,,,,,,,,,,,,,,,,,,,,,,,,,,,,,,,,,,,,,,,,Yonas Turkow,"Founder, Director",,,,,,,,,,,,,,,,,,,,,,,,,,,,,,,,,,,,,,,,,,,,,,,,,,,,,,,,,,,,
Dovid Herman Theater,,http://www.amazon.com/Wanderers-Dreamers-Theatre-English-Yiddish/dp/1864470615,Yiddish,Professional,,,Melbourne,,,,,,,Jacob Waislitz,Post,,,,,,,Yosef Shayn,Post,Jacob Rotbaum,Post,Rokhl Holtzer,Post,Ida Kaminska,Post,Mila Waislitz,Post,Moyshe Potashinski,Post,Yokheved Waislitz,Post,Meir Melman,Post,Ida Kaminska,Post,Zygmunt Turkow,Post,,,,,,,,,,,,,,,,,,,,,,,,,,,,,,,,,,,,,,,,,,,,,,,,,,,,,,,,,,,,,,,Ruth Turkow,Actor,Shimon Dzigan,Actor,Dina Halpern,"Actor, Director",Lea Koenig,Actor,,,,,,,,,,,,,,,,,,,,,,,,,,,,,,,,,,,,,,,,,,,,,,,,,,,,,,
École des Beaux-Arts, École Nationale Supérieure des Beaux-Arts,https://en.wikipedia.org/wiki/École_des_Beaux-Arts,French,School,1648,Present,Paris,,,,,,,,,,,,,,,Szymon Syrkus,Pre,Henryk Berlewi,Pre,Reuven Rubin,Pre,,,,,,,,,,,,,,,,,,,,,,,,,,,,,,,,,,,,,,,,,,,,,,,,,,,,,,,,,,,,,,,,,,,,,,,,,,,,,,,,,,,,,,,,,,,,,,,,,,,,,,,,,,,,,,,,,,,,,,,,,,,,,,,,,,,,,,,,,,
Ekspresjoniści polscy ,"Polish Expressionists, Formisci, Formists",http://culture.pl/pl/tworca/formisci-wczesniej-ekspresjonisci-polscy,Polish,Artistic group,1917,,Krakow,,,,,,,Andrzej Pronaszko,Pre,,,,,,,,,,,,,,,,,,,,,,,,,,,,,,,,,,,,,,,,,,,,,,,,,,,,,,,,,,,,,,,,,,,,,,,,,,,,,,,,,,,,,,,,,Stanisław Witkiewicz,Member,,,,,,,,,,,,,,,,,,,,,,,,,,,,,,,,,,,,,,,,,,,,,,,,,,,,,,,,,,,,
Ensemble Art Theater,,none,Yiddish,Professional,,,New York,,,,,,,Yankev Mestel,Post,,,,,,,Leonid Sniegov,Post,Wolf Barzel,Pre,,,,,,,,,,,,,,,,,,,,,,,,,,,,,,,,,,,,,,,,,,,,,,,,,,,,,,,,,,,,,,,,,,,,,,,,,,,,,,,Alexander Granovsky,Actor,Egon Brecher,Director,,,,,,,,,,,,,,,,,,,,,,,,,,,,,,,,,,,,,,,,,,,,,,,,,,,,,,,,,,
Ester-Rokhl Kaminska Troupe,,http://jwa.org/encyclopedia/article/kaminska-esther-rachel-and-ida-kaminska,Yiddish,Professional,,,Odessa,Kiev,Minsk,Warsaw,,,,,,,,,,,,Isaac Samberg,Pre,Ida Kaminska,Pre,Leah Naomi,Pre,Leyzer Zhelazo,Pre,Avrom Taytlboym,Pre,,,,,,,,,,,,,,,,,,,,,,,,,,,,,,,,,,,,,,,,,,,,,,,,,,,,,,,,,,,,,,,,,,,,,,,,,Mark Arnshteyn,Director,Ester-Rokhl Kaminska,"Founder, Director",A.Y. Kaminski,"Actor, Director",Diana Blumenfeld,Actor,,,,,,,,,,,,,,,,,,,,,,,,,,,,,,,,,,,,,,,,,,,,,,,,,,,,,,
Excelsior Theater,,none,Yiddish,Professional,,,Buenos Aires,,,,,,,,,,,,,,,Shmuel Iris,Post,Zalmen Hirshfeld,Post,Ester Rapel,Post,,,,,,,,,,,,,,,,,,,,,,,,,,,,,,,,,,,,,,,,,,,,,,,,,,,,,,,,,,,,,,,,,,,,,,,,,,,,,,,,,,,,,,,,,,,,,,,,,,,,,,,,,,,,,,,,,,,,,,,,,,,,,,,,,,,,,,,,,,
FAKT,"Krakow Yiddish Dramatic Theater, FAKT, Fareynikte idishe dramatishe artistn, Fareynikter idisher kunst teater",none,Yiddish,Professional,1932,193?,Krakow,Lodz,,,,,,Zygmunt Turkow,Post,Ida Kaminska,Post,Alex Stein,Post,,,Rokhl Holtzer,Post,Yankev Reynglas,Post,Avrom Morevsky,Post,Klara Segalovitch,Post,,,,,,,,,,,,,,,,,,,,,,,,,,,,,,,,,,,,,,,,,,,,,,,,,,,,,,,,,,,,,,,,,,,,,,,,,,,Diana Blumenfeld,Actor,,,,,,,,,,,,,,,,,,,,,,,,,,,,,,,,,,,,,,,,,,,,,,,,,,,,,,,,,,,,
Fareynikte trupe,,none,Yiddish,Professional,,,Warsaw,Lodz,,,,,,Isaac Schlossberg,Pre,,,,,,,Shloyme Kon,Pre,Leah Naomi,Pre,Naomi Natan,Pre,Avrom Taytlboym,Pre,Leyzer Zhelazo,Pre,Klara Segalovitch,Pre,Shloyme Krause,Pre,,,,,,,,,,,,,,,,,,,,,,,,,,,,,,,,,,,,,,,,,,,,,,,,,,,,,,,,,,,,,,,,,,,,,Ester-Rokhl Kaminska,Director,A.Y. Kaminski,Director/Actor,Miriam Gurevitz,Actor,Ester Lipovska,Actor,,,,,,,,,,,,,,,,,,,,,,,,,,,,,,,,,,,,,,,,,,,,,,,,,,,,,,
Fareynikter Yidisher Kultur Front Experimental Studio,,none,Yiddish,Professional,1936,1937,Johannesburg,,,,,,,Jacob Waislitz,Post,,,,,,,,,,,,,,,,,,,,,,,,,,,,,,,,,,,,,,,,,,,,,,,,,,,,,,,,,,,,,,,,,,,,,,,,,,,,,,,,,,,,,,,,,,,,,,,,,,,,,,,,,,,,,,,,,,,,,,,,,,,,,,,,,,,,,,,,,,,,,,,,,,,,,,
Folks un yugnt teater,Teater far yugnt,none,Yiddish,Professional,1937,,Lodz,,,,,,,Klara Segalovitch,Post,Mikhl Weichert,Post,Mordechai Mazo,Post,,,Daniel Shapiro,Post,Ester Goldnberg,Post,Shloyme Kon,Post,,,,,,,,,,,,,,,,,,,,,,,,,,,,,,,,,,,,,,,,,,,,,,,,,,,,,,,,,,,,,,,,,,,,,,,,,,,,,Leon Schiller,Director,Władysław Godik,Actor,Max Wiskind,Assistant Director,Aaron Zeitlin,Writer/Director,,,,,,,,,,,,,,,,,,,,,,,,,,,,,,,,,,,,,,,,,,,,,,,,,,,,,,
Folksbiene,,https://en.wikipedia.org/wiki/Folksbiene,Yiddish,"Amateur, Professional",,,New York,,,,,,,Binyomin Levin,Pre,,,,,,,Leib Kadison,Post,Dovid Likht,Post,Jacob Ben-Ami,Post,Joseph Buloff,Post,Leon Liebgold,Post,Mordechai Yachson,Post,Leola Vendorf,Post,Jacob Rotbaum,Post,,,,,,,,,,,,,,,,,,,,,,,,,,,,,,,,,,,,,,,,,,,,,,,,,,,,,,,,,,,,,,,,,,,Egon Brecher,Director,Bertha Gersten,Actor,Julia Levin,Choreographer,,,,,,,,,,,,,,,,,,,,,,,,,,,,,,,,,,,,,,,,,,,,,,,,,,,,,,,,
Frayhayt Dramatishe Studio,,none,Yiddish,School,1925,,New York,,,,,,,Yankev Mestel,Pre,,,,,,,,,,,,,,,,,,,,,,,,,,,,,,,,,,,,,,,,,,,,,,,,,,,,,,,,,,,,,,,,,,,,,,,,,,,,,,,,,,,,,,,,,,,,,,,,,,,,,,,,,,,,,,,,,,,,,,,,,,,,,,,,,,,,,,,,,,,,,,,,,,,,,,
Freie Jüdische Volksbühne,,https://de.wikipedia.org/wiki/Jüdisches_Leben_in_Wien,Yiddish,Professional,1920,1923,Vienna,Bucharest,,,,,,Isaac Deutsch,Pre,Mina Deutsch,Pre,Lea Weintraub-Graf,Pre,Yankev Mestel,Pre,Klara Meisels,Pre,Lidia Pototska,Pre,Ben-Tsiyon Segal,Pre,Simkhe Natan,Pre,Adolph Bell,Pre,Itzikl Goldnberg,Pre,Hanoch Mayer,Pre,Naomi Natan,Pre,,,,,,,,,,,,,,,,,,,,,,,,,,,,,,,,,,,,,,,,,,,,,,,,,,,,,,,,,,,,,,,,,,,Egon Brecher,Director,,,,,,,,,,,,,,,,,,,,,,,,,,,,,,,,,,,,,,,,,,,,,,,,,,,,,,,,,,,,
Gdansk Jewish Theater Collective,Danzig Jewish Theater Collective,none,Yiddish,Amateur,193?,,Gdansk,,,,,,,,,,,,,,,Yitzkhok Dogim,Post,,,,,,,,,,,,,,,,,,,,,,,,,,,,,,,,,,,,,,,,,,,,,,,,,,,,,,,,,,,,,,,,,,,,,,,,,,,,,,,,,,,,,,,,,,,,,,,,,,,,,,,,,,,,,,,,,,,,,,,,,,,,,,,,,,,,,,,,,,,,,,
Goldfaden trupe,Goldfaden Troupe,http://www.yivoencyclopedia.org/article.aspx/Goldfadn_Avrom,Yiddish,Professional,1876,,Jassy,EE,,,,,,,,,,,,,,Joseph Edelstein,Pre,Itzikl Goldnberg,Pre,,,,,,,,,,,,,,,,,,,,,,,,,,,,,,,,,,,,,,,,,,,,,,,,,,,,,,,,,,,,,,,,,,,,,,,,,,,,,,,Bertha Kalich,Actor,,,,,,,,,,,,,,,,,,,,,,,,,,,,,,,,,,,,,,,,,,,,,,,,,,,,,,,,,,,,
Goldfadn Fareyn,,none,Yiddish,Professional,1933,,Stanislavov,,,,,,,Alex Stein,Post,Yosef Kamen,Post,,,,,Dovid Herman,Post,Shloyme Kon,Post,,,,,,,,,,,,,,,,,,,,,,,,,,,,,,,,,,,,,,,,,,,,,,,,,,,,,,,,,,,,,,,,,,,,,,,,,,,,,,,,,,,,,,,,,,,,,,,,,,,,,,,,,,,,,,,,,,,,,,,,,,,,,,,,,,,,,,,,,,,,
GOSET,"Jewish Chamber Theater, Moscow State Yiddish Theater",http://www.yivoencyclopedia.org/article.aspx/Moscow_State_Yiddish_Theater,Yiddish,"Amateur, Professional",1917; 1920,1949,Moscow,,,,,,,,,,,,,,,Moyshe Feder,Post,Yankev Gertner,Post,Jenny Epstein,Pre,Morits Norvid,Post,Sara Rotbaum,Post,Yosef Shayn,Post,Yankev Shidlo,Post,Lea Rotbaum,Post,Moyshe Broderzon,Post,,,,,,,,,,,,,,,,,,,,,,,,,,,,,,,,,,,,,,,,,,,,,,,,,,,,,,,,,,,,,,,,,Solomon Mikhoels,Actor,Alexander Granovsky,Founder,Marc Chagall,Designer,Natan Altman,Designer,,,,,,,,,,,,,,,,,,,,,,,,,,,,,,,,,,,,,,,,,,,,,,,Leon Schiller,Mikhl Vaykhert,Jacob Rotbaum,,,,,
Group Theater,,https://en.wikipedia.org/wiki/Group_Theatre_(New_York),English,Professional,,,New York,,,,,,,,,,,,,,,,,,,,,,,,,,,,,,,,,,,,,,,,,,,,,,,,,,,,,,,,,,,,,,,,,,,,,,,,,,,,,,,,,,,,,,,,,,,,,,,,,Lee Strasberg,Founder,Harold Clurman,Founder,Stella Adler,Actor,Cheryl Crawford,Founder,J. Edward Bromberg,Actor,Luther Adler,Actor,Howard Da Silva,Actor,Lee J. Cobb,Actor,Boris Aronson,Designer,Martin Ritt,Actor,Sidney Kingsley,"Playwright, Actor",,,,,,,,,,,,,,,,,,,,,,,,,,,,,,,,,,,,,,,,
Grupe 36,,none,Yiddish,Professional,,,Warsaw,,,,,,,Mikhl Vaykhert,Post,,,,,,,Yankev Kurlender,Post,,,,,,,,,,,,,,,,,,,,,,,,,,,,,,,,,,,,,,,,,,,,,,,,,,,,,,,,,,,,,,,,,,,,,,,,,,,,,,,,,,,,,,,,,,,,,,,,,,,,,,,,,,,,,,,,,,,,,,,,,,,,,,,,,,,,,,,,,,,,,,
Habimah,,http://www.yivoencyclopedia.org/article.aspx/Habimah,Hebrew,Professional,1917,,Moscow,Tel Aviv,,,,,,,,,,,,,,Josef Kaminski,Post,Shloyme Kon,Pre,Reuven Rubin,Post,Helen Zelinskaya,Pre,Zalmen Hirshfeld,Post,Slava Estrin,Pre,,,,,,,,,,,,,,,,,,,,,,,,,,,,,,,,,,,,,,,,,,,,,,,,,,,,,,,,,,,,,,,,,,,,,,,David Vardi,Founder,Natan Altman,Designer,Lia Koenig,Actor,Yevgeny Vakhtangov,Director,Sonia Sheftel-Shternfeld,Actor,Benjamin Zemach,Actor,Michio Itō,Choreographer,Martin Ritt,Production Supervisor,,,,,,,,,,,,,,,,,,,,,,,,,,,,,,,,,,,,,,,Leon Schiller,,,,,,,
Hazomir,,none,Yiddish,School / Amateur,1905,1915,Warsaw,,,,,,,Dovid Herman,Pre,,,,,,,Zygmunt Turkow,Pre,Jacob Waislitz,Pre,Bela Belarina,Pre,Roza Birnboym,Pre,Yankev Gertner,Pre,Henrik Tarlo,Pre,Moyshe Feder,Pre,Mark Schweid,Pre,Slava Estrin,Pre,Morits Norvid,Pre,Henrik Tarlo,Pre,Avrom Taytlboym,Pre,Miriam Veyde,Pre,,,,,,,,,,,,,,,,,,,,,,,,,,,,,,,,,,,,,,,,,,,,,,,,,,,,,,,,,,,,,,,,,,,,,,,,,,,,,,,,,,,,,,,,,,,,,,,,,,,,,,,,,,,,,,,,,,,,,,
Hebrew Actors Union,,https://en.wikipedia.org/wiki/Hebrew_Actors%27_Union,Yiddish,Union,,,New York,,,,,,,Leon Liebgold,Post,Mark Schweid,Post,,,,,,,,,,,,,,,,,,,,,,,,,,,,,,,,,,,,,,,,,,,,,,,,,,,,,,,,,,,,,,,,,,,,,,,,,,,,,,,,,,,,,,,,,,,,,,,,,,,,,,,,,,,,,,,,,,,,,,,,,,,,,,,,,,,,,,,,,,,,,,,,,,,,
Hebrew Literature Society of Philadelphia,,none,Yiddish,Amateur,,,Philadelphia,,,,,,,Baruch Lumet,Post,Yankev Mestel,Pre,,,,,,,,,,,,,,,,,,,,,,,,,,,,,,,,,,,,,,,,,,,,,,,,,,,,,,,,,,,,,,,,,,,,,,,,,,,,,,,,,,,,,,,,,,,,,,,,,,,,,,,,,,,,,,,,,,,,,,,,,,,,,,,,,,,,,,,,,,,,,,,,,,,,
Hirschbein Troupe,,https://en.wikipedia.org/wiki/Peretz_Hirschbein,Yiddish,Professional,1908,1910,Odessa,Warsaw,,,,,,,,,,,,,,Jacob Ben-Ami,Pre,Leah Naomi,Pre,Betty Dalska,Pre,Dovid Herman,Pre,Wolf Zilberberg,Pre,Reuven Vendorf,Pre,Slava Estrin,Pre,,,,,,,,,,,,,,,,,,,,,,,,,,,,,,,,,,,,,,,,,,,,,,,,,,,,,,,,,,,,,,,,,,,,,Peretz Hirschbein,Founder,Y.L. Peretz,Advisor,,,,,,,,,,,,,,,,,,,,,,,,,,,,,,,,,,,,,,,,,,,,,,,,,,,,,,,,,,
Hochschule für Bildenden Künste,"Academy for Plastic Arts, Universität der Künste Berlin",http://www.udk-berlin.de/sites/content/themen/universitaet/universitaetsgeschichte/akademische_hochschule_fuer_die_bildenden_kuenste/index_ger.html,German,School,1875,Present,Berlin,,,,,,,Yitzkhok Broyner,Pre,,,,,,,,,,,,,,,,,,,,,,,,,,,,,,,,,,,,,,,,,,,,,,,,,,,,,,,,,,,,,,,,,,,,,,,,,,,,,,,,,,,,,,,,,,,,,,,,,,,,,,,,,,,,,,,,,,,,,,,,,,,,,,,,,,,,,,,,,,,,,,,,,,,,,,
Hochschule für Musik Berlin,,https://en.wikipedia.org/wiki/Hochschule_für_Musik_%22Hanns_Eisler%22,German,School,,,Berlin,,,,,,,,,,,,,,,Josef Kaminski,Pre,Henekh Kon,Pre,,,,,,,,,,,,,,,,,,,,,,,,,,,,,,,,,,,,,,,,,,,,,,,,,,,,,,,,,,,,,,,,,,,,,,,,,,,,,,,,,,,,,,,,,,,,,,,,,,,,,,,,,,,,,,,,,,,,,,,,,,,,,,,,,,,,,,,,,,,,
Hochschule für Musik und Theater,,https://en.wikipedia.org/wiki/University_of_Music_and_Theatre_Leipzig,German,School,,,Leipzig,,,,,,,,,,,,,,,Dovid Dovidov,Pre,,,,,,,,,,,,,,,,,,,,,,,,,,,,,,,,,,,,,,,,,,,,,,,,,,,,,,,,,,,,,,,,,,,,,,,,,,,,,,,,,,,,,,,,,,,,,,,,,,,,,,,,,,,,,,,,,,,,,,,,,,,,,,,,,,,,,,,,,,,,,,
Ida Kaminska Company,Drama Theater of Ida Kaminska,http://jwa.org/encyclopedia/article/kaminska-esther-rachel-and-ida-kaminska,Yiddish,Professional,1932,1939,Warsaw,,,,,,,Ida Kaminska,Post,,,,,,,Yankev Kurlender,Post,A. Roytman,Post,,,,,,,,,,,,,,,,,,,,,,,,,,,,,,,,,,,,,,,,,,,,,,,,,,,,,,,,,,,,,,,,,,,,,,,,,,,,,,,,,,,,,,,,,,,,,,,,,,,,,,,,,,,,,,,,,,,,,,,,,,,,,,,,,,,,,,,,,,,,
Idisher folks teater,,none,Yiddish,Professional,1932,,Johannesburg,,,,,,,Yankev Mansdorf,Post,,,,,,,,,,,,,,,,,,,,,,,,,,,,,,,,,,,,,,,,,,,,,,,,,,,,,,,,,,,,,,,,,,,,,,,,,,,,,,,,,,,,,,,,,,,,,,,,,,,,,,,,,,,,,,,,,,,,,,,,,,,,,,,,,,,,,,,,,,,,,,,,,,,,,,
Imperial Academy of Music and the Performing Arts,,"https://en.wikipedia.org/wiki/University_of_Music_and_Performing_Arts,_Vienna",German,School,1817,Present,Vienna,,,,,,,,,,,,,,,Gertrud Kraus,Pre,,,,,,,,,,,,,,,,,,,,,,,,,,,,,,,,,,,,,,,,,,,,,,,,,,,,,,,,,,,,,,,,,,,,,,,,,,,,,,,,,Gertrud Bodenwieser,Teacher,Claudia Vall,Student,Stanisław Dębicki,Student,,,,,,,,,,,,,,,,,,,,,,,,,,,,,,,,,,,,,,,,,,,,,,,,,,,,,,,,
Irving Place Art Theater,,none,Yiddish,Professional,1926,1927,New York,,,,,,,Jacob Ben-Ami,Post,,,,,,,Reuven Vendorf,Post,Helen Zelinskaya,Pre,Lidia Pototska,Pre,Yankev Mestel,Pre,Leonid Sniegov,Post,Meyer Posner,Pre,,,,,,,,,,,,,,,,,,,,,,,,,,,,,,,,,,,,,,,,,,,,,,,,,,,,,,,,,,,,,,,,,,,,,,,Stella Adler,Actor,,,,,,,,,,,,,,,,,,,,,,,,,,,,,,,,,,,,,,,,,,,,,,,,,,,,,,,,,,,,
Israel Ballet Theatre,,https://en.wikipedia.org/wiki/Israel_Ballet,Hebrew,Professional,1950,1951,Tel Aviv,,,,,,,Gertrud Kraus,Post,,,,,,,,,,,,,,,,,,,,,,,,,,,,,,,,,,,,,,,,,,,,,,,,,,,,,,,,,,,,,,,,,,,,,,,,,,,,,,,,,,,,,,,,,,,,,,,,,,,,,,,,,,,,,,,,,,,,,,,,,,,,,,,,,,,,,,,,,,,,,,,,,,,,,,
Israel Philharmonic Orchestra,,https://en.wikipedia.org/wiki/Israel_Philharmonic_Orchestra,Hebrew,Orchestra,1936,Present,Tel Aviv,,,,,,,Josef Kaminski,Post,,,,,,,,,,,,,,,,,,,,,,,,,,,,,,,,,,,,,,,,,,,,,,,,,,,,,,,,,,,,,,,,,,,,,,,,,,,,,,,,,,,,,,,,,,,,,,,,,,,,,,,,,,,,,,,,,,,,,,,,,,,,,,,,,,,,,,,,,,,,,,,,,,,,,,
Jewish Art Theater,Dos naye idishe kunst teater,http://jwa.org/encyclopedia/article/yiddish-theater-in-united-states,Yiddish,Professional,,,New York,,,,,,,Jacob Ben-Ami,Post,,,,,,,Leonid Sniegov,Post,Louis Bromberg,Pre,,,,,,,,,,,,,,,,,,,,,,,,,,,,,,,,,,,,,,,,,,,,,,,,,,,,,,,,,,,,,,,,,,,,,,,,,,,,,,,Rudolph Schildkraut,Actor,Emanuel Reicher,Founder,Celia Adler,Actor,Lucy German,Actor,Misha German,Actor,,,,,,,,,,,,,,,,,,,,,,,,,,,,,,,,,,,,,,,,,,,,,,,,,,,,
Johannesburg Dramatic Studio,,none,Yiddish,Professional,early 1930's,failed,Johannesburg,,,,,,,Jacob Waislitz,Post,Simkhe Natan,Post,,,,,,,,,,,,,,,,,,,,,,,,,,,,,,,,,,,,,,,,,,,,,,,,,,,,,,,,,,,,,,,,,,,,,,,,,,,,,,,,,,,,,,,,,,,,,,,,,,,,,,,,,,,,,,,,,,,,,,,,,,,,,,,,,,,,,,,,,,,,,,,,,,,,
Julliard School,,https://en.wikipedia.org/wiki/Juilliard_School,English,School,,,New York,,,,,,,,,,,,,,,,,,,,,,,,,,,,,,,,,,,,,,,,,,,,,,,,,,,,,,,,,,,,,,,,,,,,,,,,,,,,,,,,,,,,,,,,,,,,,,,,,Ze'eva Cohen,Student,,,,,,,,,,,,,,,,,,,,,,,,,,,,,,,,,,,,,,,,,,,,,,,,,,,,,,,,,,,,
Khalyastre,,http://www.yivoencyclopedia.org/article.aspx/Kleynkunst,Yiddish,Professional,,,?,,,,,,,Moyshe Potashinski,Post,,,,,,,,,,,,,,,,,,,,,,,,,,,,,,,,,,,,,,,,,,,,,,,,,,,,,,,,,,,,,,,,,,,,,,,,,,,,,,,,,,,,,,,,,,,,,,,,,,,,,,,,,,,,,,,,,,,,,,,,,,,,,,,,,,,,,,,,,,,,,,,,,,,,,,
Kharkov State Yiddish Theater,,http://www.yivoencyclopedia.org/article.aspx/Soviet_State_Yiddish_Theaters,Yiddish,Professional,,,Kharkov,,,,,,,,,,,,,,,Henrik Tarlo,Post,Khane Braz,Post,,,,,,,,,,,,,,,,,,,,,,,,,,,,,,,,,,,,,,,,,,,,,,,,,,,,,,,,,,,,,,,,,,,,,,,,,,,,,,,,,,,,,,,,,,,,,,,,,,,,,,,,,,,,,,,,,,,,,,,,,,,,,,,,,,,,,,,,,,,,
Khaveyrim Trupe,,none,Yiddish,Cabaret,,,Antwerp,,,,,,,,,,,,,,,Nokhum Melnik,Post,Devorah Rosenblum,Post,,,,,,,,,,,,,,,,,,,,,,,,,,,,,,,,,,,,,,,,,,,,,,,,,,,,,,,,,,,,,,,,,,,,,,,,,,,,,,,,,,,,,,,,,,,,,,,,,,,,,,,,,,,,,,,,,,,,,,,,,,,,,,,,,,,,,,,,,,,,
Kiev Drawing School,Київська рисувальна школа (Kyivska rysuvalna shkola),http://www.encyclopediaofukraine.com/display.asp?linkpath=pages%5CK%5CY%5CKyivDrawingSchool.htm,Russian,School,1875,1901,Kiev,,,,,,,,,,,,,,,Alexander Azro,Pre,,,,,,,,,,,,,,,,,,,,,,,,,,,,,,,,,,,,,,,,,,,,,,,,,,,,,,,,,,,,,,,,,,,,,,,,,,,,,,,,,,,,,,,,,,,,,,,,,,,,,,,,,,,,,,,,,,,,,,,,,,,,,,,,,,,,,,,,,,,,,,
Knox Street Theater,,none,English,Professional,,,Dallas,,,,,,,Baruch Lumet,Post,,,,,,,,,,,,,,,,,,,,,,,,,,,,,,,,,,,,,,,,,,,,,,,,,,,,,,,,,,,,,,,,,,,,,,,,,,,,,,,,,,,,,,,,,Jayne Mansfield,Actor,,,,,,,,,,,,,,,,,,,,,,,,,,,,,,,,,,,,,,,,,,,,,,,,,,,,,,,,,,,,
Komische Oper Berlin,,https://en.wikipedia.org/wiki/Komische_Oper_Berlin,German,Professional,1764,Present,Berlin,,,,,,,,,,,,,,,Nadia Kameni,Pre,,,,,,,,,,,,,,,,,,,,,,,,,,,,,,,,,,,,,,,,,,,,,,,,,,,,,,,,,,,,,,,,,,,,,,,,,,,,,,,,,,,,,,,,,,,,,,,,,,,,,,,,,,,,,,,,,,,,,,,,,,,,,,,,,,,,,,,,,,,,,,
Kraków Academy of Fine Arts,Akademia Sztuk Pięknych w Krakowie im. Jana Matejki,http://culture.pl/en/place/jan-matejko-academy-of-fine-arts,Polish,School,1818,Present,Krakow,,,,,,,,,,,,,,,Maks Haneman,Pre,Andrzej Pronaszko,Pre,Fritz Kleynman,Pre,,,,,,,,,,,,,,,,,,,,,,,,,,,,,,,,,,,,,,,,,,,,,,,,,,,,,,,,,,,,,,,,,,,,,,,,,,,,,Leon Wyczółkowski,Teacher,Teodor Axentowicz,Teacher,Stanisław Dębicki,Student,Karol Frycz,Teacher,Tadeusz Kantor,Student,Józef Mehoffer,Student,,,,,,,,,,,,,,,,,,,,,,,,,,,,,,,,,,,,,,,,,,,,,,,,,,
Krokever Yidish Teater,Krokover yidish kunst teater,none,Yiddish,Professional,1926,,Krakow,,,,,,,Avrom Morevsky,Post,,,,,,,Hersh Poznanski,Pre,Moyshe Potashinski,Post,Chava Eisen,Pre,Rokhl Holtzer,Pre,Yankev Kurlender,Pre,,,,,,,,,,,,,,,,,,,,,,,,,,,,,,,,,,,,,,,,,,,,,,,,,,,,,,,,,,,,,,,,,,,,,,,,,Yonas Turkow,Artistic Director,,,,,,,,,,,,,,,,,,,,,,,,,,,,,,,,,,,,,,,,,,,,,,,,,,,,,,,,,,,,
Krolevska Theater,,none,Yiddish,Professional,1908,1908,Warsaw,,,,,,,,,,,,,,,Leyzer Zhelazo,Pre,Jacob Ben-Ami,Pre,Ester Neroslavska,Pre,,,,,,,,,,,,,,,,,,,,,,,,,,,,,,,,,,,,,,,,,,,,,,,,,,,,,,,,,,,,,,,,,,,,,,,,,,,,,,,,,,,,,,,,,,,,,,,,,,,,,,,,,,,,,,,,,,,,,,,,,,,,,,,,,,,,,,,,,,
Lemberg melukhe teater,,http://www.yivoencyclopedia.org/article.aspx/Soviet_State_Yiddish_Theaters,Yiddish,Professional,,,Lviv,,,,,,,Simkhe Natan,,,,,,,,Sonia Altboym,Pre,Adam Domb,Post,Fritz Kleynman,Post,Yankev Kurlender,Post,Naomi Natan,Post,,,,,,,,,,,,,,,,,,,,,,,,,,,,,,,,,,,,,,,,,,,,,,,,,,,,,,,,,,,,,,,,,,,,,,,,,,,,,,,,,,,,,,,,,,,,,,,,,,,,,,,,,,,,,,,,,,,,,,,,,,,,,,,,,,,,,,
Liverpool Philharmonic,,https://en.wikipedia.org/wiki/Royal_Liverpool_Philharmonic,English,Orchestra,,,Liverpool,,,,,,,,,,,,,,,,,,,,,,,,,,,,,,,,,,,,,,,,,,,,,,,,,,,,,,,,,,,,,,,,,,,,,,,,,,,,,,,,,,,,,,,,,,,,,,,,,Paul Kletzki,Conductor,,,,,,,,,,,,,,,,,,,,,,,,,,,,,,,,,,,,,,,,,,,,,,,,,,,,,,,,,,,,
Lodz State Drama School,,http://www.yivoencyclopedia.org/article.aspx/Soviet_State_Yiddish_Theaters,Polish,School,,,Lodz,,,,,,,,,,,,,,,Zalmen Hirshfeld,Pre,,,,,,,,,,,,,,,,,,,,,,,,,,,,,,,,,,,,,,,,,,,,,,,,,,,,,,,,,,,,,,,,,,,,,,,,,,,,,,,,,,,,,,,,,,,,,,,,,,,,,,,,,,,,,,,,,,,,,,,,,,,,,,,,,,,,,,,,,,,,,,
Lower Silesian Yiddish Theater,"Nidershlezishn yidishn teater, Lower Silesian Jewish Theater",http://zydowskiwroclaw.uni.wroc.pl/blog/2012/01/10/jewish-theater-in-lower-silesia/,Yiddish,Professional,1946,1950,Wrocław,,,,,,,Jacob Rotbaum,Post,Ida Kaminska,Post,Zygmunt Turkow,Post,,,Yankev Kurlender,Post,Ruth Taru,Post,,,,,,,,,,,,,,,,,,,,,,,,,,,,,,,,,,,,,,,,,,,,,,,,,,,,,,,,,,,,,,,,,,,,,,,,,,,,,,,,,,,,,,,,,,,,,,,,,,,,,,,,,,,,,,,,,,,,,,,,,,,,,,,,,,,,,,,,,,,,
Lysenko Music and Drama School,Музично-драматичний інститут ім. М. Лисенка; Muzychno-dramatychnyi instytut im. M. Lysenka,http://www.encyclopediaofukraine.com/display.asp?linkpath=pages%5CL%5CY%5CLysenkoMusicandDramaSchool.htm,Russian,School,1918,1934,Kiev,,,,,,,,,,,,,,,Ester Orzevskaya,Pre,,,,,,,,,,,,,,,,,,,,,,,,,,,,,,,,,,,,,,,,,,,,,,,,,,,,,,,,,,,,,,,,,,,,,,,,,,,,,,,,,,,,,,,,,,,,,,,,,,,,,,,,,,,,,,,,,,,,,,,,,,,,,,,,,,,,,,,,,,,,,,
Macabi Theater,,none,Yiddish,Professional,,,Kishinev,,,,,,,,,,,,,,,Moyshe Schneidow,Pre,,,,,,,,,,,,,,,,,,,,,,,,,,,,,,,,,,,,,,,,,,,,,,,,,,,,,,,,,,,,,,,,,,,,,,,,,,,,,,,,,,,,,,,,,,,,,,,,,,,,,,,,,,,,,,,,,,,,,,,,,,,,,,,,,,,,,,,,,,,,,,
Max Reinhardt Seminar,,https://en.wikipedia.org/wiki/Max_Reinhardt_Seminar,German,School,1929,1954,Vienna,Berlin,,,,,,,,,,,,,,Yankev Blayfer,Pre,Klara Meisels,Pre,Mikhl Vaykhert,Pre,Bela Daniel,Pre,Wolf Barzel,,,,,,,,,,,,,,,,,,,,,,,,,,,,,,,,,,,,,,,,,,,,,,,,,,,,,,,,,,,,,,,,,,,,,,,,,,Gertrud Bodenwieser,Teacher,Max Reinhardt,Founder,,,,,,,,,,,,,,,,,,,,,,,,,,,,,,,,,,,,,,,,,,,,,,,,,,,,,,,,,,
Melokhishe Yidishe Miniatur Teater,"Yidisher Melukhe Miniatur Teater, Little Yiddish State Theater",http://www.yivoencyclopedia.org/article.aspx/Soviet_State_Yiddish_Theaters,Yiddish,Professional,1939,,Bialystok,,,,,,,Moyshe Broderzon,Post,,,,,,,Yoyel Bergman,Post,,,,,,,,,,,,,,,,,,,,,,,,,,,,,,,,,,,,,,,,,,,,,,,,,,,,,,,,,,,,,,,,,,,,,,,,,,,,,,,,,Shimon Dzigan,Founder,Israel Shumacher,Founder,,,Wladyslaw Godik,Actor,Mina Bern,Actor,Felix Fibich,Actor,Judith Berg,Actor,,,,,,,,,,,,,,,,,,,,,,,,,,,,,,,,,,,,,,,,,,,,,,,,
Merkaz hatsairim,,none,Hebrew,Professional,,,Warsaw,,,,,,,Shloyme Kon,Post,,,,,,,,,,,,,,,,,,,,,,,,,,,,,,,,,,,,,,,,,,,,,,,,,,,,,,,,,,,,,,,,,,,,,,,,,,,,,,,,,,,,,,,,,,,,,,,,,,,,,,,,,,,,,,,,,,,,,,,,,,,,,,,,,,,,,,,,,,,,,,,,,,,,,,
Minsker shtot teater,,none,Yiddish,Professional,,,Minsk,,,,,,,,,,,,,,,Sonia Altboym,Pre,,,,,,,,,,,,,,,,,,,,,,,,,,,,,,,,,,,,,,,,,,,,,,,,,,,,,,,,,,,,,,,,,,,,,,,,,,,,,,,,,,,,,,,,,,,,,,,,,,,,,,,,,,,,,,,,,,,,,,,,,,,,,,,,,,,,,,,,,,,,,,
Moldovan State Jewish Theater,,http://www.yivoencyclopedia.org/article.aspx/Soviet_State_Yiddish_Theaters,Yiddish,Professional,1939,,Kishinev,,,,,,,Yankev Shternberg,Post,,,,,,,Dina Koenig,Post,Fraym Sorkin,Post,,,,,,,,,,,,,,,,,,,,,,,,,,,,,,,,,,,,,,,,,,,,,,,,,,,,,,,,,,,,,,,,,,,,,,,,,,,,,,,,,,,,,,,,,,,,,,,,,,,,,,,,,,,,,,,,,,,,,,,,,,,,,,,,,,,,,,,,,,,,
Moscow Art Theater,,https://en.wikipedia.org/wiki/Moscow_Art_Theatre,Russian,"Amateur, Professional",1897,,Moscow,,,,,,,,,,,,,,,,,,,,,,,,,,,,,,,,,,,,,,,,,,,,,,,,,,,,,,,,,,,,,,,,,,,,,,,,,,,,,,,,,,,,,,,,,,,,,,,,,Gordon Craig,Director,Konstantin Stanislavsky,Founder,Richard Boleslavsky,Actor,Ivan Lazereff,Actor,,,,,,,,,,,,,,,,,,,,,,,,,,,,,,,,,,,,,,,,,,,,,,,,,,,,,,
"Moscow School of Painting, Sculpture, and Architecture","Московское училище живописи, ваяния и зодчества, МУЖВЗ","https://en.wikipedia.org/wiki/Moscow_School_of_Painting,_Sculpture_and_Architecture",Russian,School,1865,1939,Moscow,,,,,,,,,,,,,,,Konstanty Mackiewicz,Pre,,,,,,,,,,,,,,,,,,,,,,,,,,,,,,,,,,,,,,,,,,,,,,,,,,,,,,,,,,,,,,,,,,,,,,,,,,,,,,,,,,,,,,,,,,,,,,,,,,,,,,,,,,,,,,,,,,,,,,,,,,,,,,,,,,,,,,,,,,,,,,
Muster Teater,,none,Yiddish,Professional,1921,,Bucharest,,,,,,,,,,,,,,,Shmuel Iris,Pre,,,,,,,,,,,,,,,,,,,,,,,,,,,,,,,,,,,,,,,,,,,,,,,,,,,,,,,,,,,,,,,,,,,,,,,,,,,,,,,,,,,,,,,,,,,,,,,,,,,,,,,,,,,,,,,,,,,,,,,,,,,,,,,,,,,,,,,,,,,,,,
Narodowy Stary Teatr,Krakow Old Theater,http://culture.pl/pl/miejsce/stary-teatr-w-krakowie,Polish,Professional,1781,,Krakow,,,,,,,Andrzej Pronaszko,Post,,,,,,,,,,,,,,,,,,,,,,,,,,,,,,,,,,,,,,,,,,,,,,,,,,,,,,,,,,,,,,,,,,,,,,,,,,,,,,,,,,,,,,,,,Tadeusz Kantor,Director,,,,,,,,,,,,,,,,,,,,,,,,,,,,,,,,,,,,,,,,,,,,,,,,,,,,,,,,,,,,
"National Theatre, Warsaw",Teatr Narodowy,"https://en.wikipedia.org/wiki/National_Theatre,_Warsaw",Polish,Professional,1765,,Warsaw,,,,,,,,,,,,,,,Andrzej Pronaszko,Post,Rokhl Holtzer,Pre,,,,,,,,,,,,,,,,,,,,,,,,,,,,,,,,,,,,,,,,,,,,,,,,,,,,,,,,,,,,,,,,,,,,,,,,,,,,,,,Juliusz Osterwa,Director,Alexander Zelwerowicz,Director,Leon Schiller,Director,,,,,,,,,,,,,,,,,,,,,,,,,,,,,,,,,,,,,,,,,,,,,,,,,,,,,,,,
Nay Azazel,,none,Yiddish,Cabaret,1940,,Warsaw Ghetto,,,,,,,Isaac Samberg,Post,,,,,,,Helena Gotlib,Post,,,,,,,,,,,,,,,,,,,,,,,,,,,,,,,,,,,,,,,,,,,,,,,,,,,,,,,,,,,,,,,,,,,,,,,,,,,,,,,,,,,,,,,,,,,,,,,,,,,,,,,,,,,,,,,,,,,,,,,,,,,,,,,,,,,,,,,,,,,,,,
Naye yidishe teater,,none,Yiddish,Amateur,1918,1918,Warsaw,,,,,,,Dovid Herman,Pre,,,,,,,Baruch Lumet,Pre,Yankev Shidlo,Pre,Morits Norvid,Pre,,,,,,,,,,,,,,,,,,,,,,,,,,,,,,,,,,,,,,,,,,,,,,,,,,,,,,,,,,,,,,,,,,,,,,,,,,,,,,,,,,,,,,,,,,,,,,,,,,,,,,,,,,,,,,,,,,,,,,,,,,,,,,,,,,,,,,,,,,
Nayer yidisher teater,,none,Yiddish,Professional,,,Riga,,,,,,,Avrom Morevsky,Post,Alex Stein,Post,,,,,Khavel Buzgan,Post,Daniel Shapiro,Pre,Frida Vitalin,Post,Mikhl Vaykhert,Post,Władysław Weintraub,Post,Henech Kon,Post,Yosef Kamen,Post,,,,,,,,,,,,,,,,,,,,,,,,,,,,,,,,,,,,,,,,,,,,,,,,,,,,,,,,,,,,,,,,,,,,,Julius Adler,Director,,,,,,,,,,,,,,,,,,,,,,,,,,,,,,,,,,,,,,,,,,,,,,,,,,,,,,,,,,,,
Neighborhood Playhouse,,https://en.wikipedia.org/wiki/Neighborhood_Playhouse_School_of_the_Theatre,English,"Professional, School",1915,,New York,,,,,,,,,,,,,,,Jacob Ben-Ami,Pre,,,,,,,,,,,,,,,,,,,,,,,,,,,,,,,,,,,,,,,,,,,,,,,,,,,,,,,,,,,,,,,,,,,,,,,,,,,,,,,,,Richard Boleslavsky,Actor,David Vardi,Director,Benjamin Zemach,Choreographer,Michio Itō,Dancer,,,,,,,,,,,,,,,,,,,,,,,,,,,,,,,,,,,,,,,,,,,,,,,,,,,,,,
New Yiddish Art Theater,,none,Yiddish,Professional,1926,1927,New York,,,,,,,Jacob Ben-Ami,Post,Yankev Mestel,Post,,,,,,,,,,,,,,,,,,,,,,,,,,,,,,,,,,,,,,,,,,,,,,,,,,,,,,,,,,,,,,,,,,,,,,,,,,,,,,,,,,,,,,,,,,,,,,,,,,,,,,,,,,,,,,,,,,,,,,,,,,,,,,,,,,,,,,,,,,,,,,,,,,,,
New Yiddish National Theater,,none,Yiddish,Professional,,,London,,,,,,,,,,,,,,,Yudl Goldberg,Post,,,,,,,,,,,,,,,,,,,,,,,,,,,,,,,,,,,,,,,,,,,,,,,,,,,,,,,,,,,,,,,,,,,,,,,,,,,,,,,,,,,,,,,,,,,,,,,,,,,,,,,,,,,,,,,,,,,,,,,,,,,,,,,,,,,,,,,,,,,,,,
New Yiddish Theater,,none,Yiddish,Professional,,,London,,,,,,,,,,,,,,,Yudl Goldberg,Post,,,,,,,,,,,,,,,,,,,,,,,,,,,,,,,,,,,,,,,,,,,,,,,,,,,,,,,,,,,,,,,,,,,,,,,,,,,,,,,,,,,,,,,,,,,,,,,,,,,,,,,,,,,,,,,,,,,,,,,,,,,,,,,,,,,,,,,,,,,,,,
Nezlobin Theater,,https://books.google.com/books?id=93kbnItM9_AC&pg=PA284&lpg=PA284&dq=nezlobin+russian+theater&source=bl&ots=LZfDDBMQ-6&sig=cWfvln4NZXUFUZUTPCZ98C7ueEc&hl=en&sa=X&ved=0CCYQ6AEwAmoVChMItvb9iabvxgIVyVU-Ch0K6gSg#v=onepage&q=nezlobin%20russian%20theater&f=false,Russian,Professional,1909,,Moscow,,,,,,,,,,,,,,,,,,,,,,,,,,,,,,,,,,,,,,,,,,,,,,,,,,,,,,,,,,,,,,,,,,,,,,,,,,,,,,,,,,,,,,,,,,,,,,,,,Nokhum Lipovski,Actor,,,,,,,,,,,,,,,,,,,,,,,,,,,,,,,,,,,,,,,,,,,,,,,,,,,,,,,,,,,,
Metropolitan Opera,,https://en.wikipedia.org/wiki/Metropolitan_Opera,English,Professional,,,New York,,,,,,,,,,,,,,,,,,,,,,,,,,,,,,,,,,,,,,,,,,,,,,,,,,,,,,,,,,,,,,,,,,,,,,,,,,,,,,,,,,,,,,,,,,,,,,,,,Mia Slavenska,Dancer,,,,,,,,,,,,,,,,,,,,,,,,,,,,,,,,,,,,,,,,,,,,,,,,,,,,,,,,,,,,
Nit gedayget!,,none,Yiddish,Professional,,,New York,,,,,,,Yankev Mestel,Post,,,,,,,,,,,,,,,,,,,,,,,,,,,,,,,,,,,,,,,,,,,,,,,,,,,,,,,,,,,,,,,,,,,,,,,,,,,,,,,,,,,,,,,,,,,,,,,,,,,,,,,,,,,,,,,,,,,,,,,,,,,,,,,,,,,,,,,,,,,,,,,,,,,,,,
Novembergruppe,,https://en.wikipedia.org/wiki/November_Group_(German),German,Artistic group,,,Berlin,,,,,,,,,,,,,,,Henrik Berlewi,Pre,,,,,,,,,,,,,,,,,,,,,,,,,,,,,,,,,,,,,,,,,,,,,,,,,,,,,,,,,,,,,,,,,,,,,,,,,,,,,,,,,,,,,,,,,,,,,,,,,,,,,,,,,,,,,,,,,,,,,,,,,,,,,,,,,,,,,,,,,,,,,,
Nowy Teatr Kameralny,New Chamber Theater,http://www.yivoencyclopedia.org/article.aspx/Theater/Polish_Theater,Polish,Amateur,1940,194?,Warsaw Ghetto,,,,,,,,,,,,,,,,,,,,,,,,,,,,,,,,,,,,,,,,,,,,,,,,,,,,,,,,,,,,,,,,,,,,,,,,,,,,,,,,,,,,,,,,,,,,,,,,,Mark Arnshteyn,Founder and Director,,,,,,,,,,,,,,,,,,,,,,,,,,,,,,,,,,,,,,,,,,,,,,,,,,,,,,,,,,,,
Odessa Drama School,,none,Russian,School,,,Odessa,,,,,,,,,,,,,,,Leonid Sniegov,Pre,,,,,,,,,,,,,,,,,,,,,,,,,,,,,,,,,,,,,,,,,,,,,,,,,,,,,,,,,,,,,,,,,,,,,,,,,,,,,,,,,,,,,,,,,,,,,,,,,,,,,,,,,,,,,,,,,,,,,,,,,,,,,,,,,,,,,,,,,,,,,,
Odessa State Theater,,https://en.wikipedia.org/wiki/Odessa_Opera_and_Ballet_Theater,Russian,Professional,,,Odessa,,,,,,,,,,,,,,,Leonid Sniegov,Pre,,,,,,,,,,,,,,,,,,,,,,,,,,,,,,,,,,,,,,,,,,,,,,,,,,,,,,,,,,,,,,,,,,,,,,,,,,,,,,,,,,,,,,,,,,,,,,,,,,,,,,,,,,,,,,,,,,,,,,,,,,,,,,,,,,,,,,,,,,,,,,
Ohel Theater,,https://en.wikipedia.org/wiki/Ohel_Theater,Hebrew,Professional,1925,1969,Tel Aviv,,,,,,,,,,,,,,,Reuven Rubin,Post,,,,,,,,,,,,,,,,,,,,,,,,,,,,,,,,,,,,,,,,,,,,,,,,,,,,,,,,,,,,,,,,,,,,,,,,,,,,,,,,,,,,,,,,,,,,,,,,,,,,,,,,,,,,,,,,,,,,,,,,,,,,,,,,,,,,,,,,,,,,,,
Orpheus Yiddish Laborers Theater,,none,Yiddish,Professional,1934,1939,Warsaw,,,,,,,Jacob Rotbaum,Post,Dovid Likht,Post,,,,,,,,,,,,,,,,,,,,,,,,,,,,,,,,,,,,,,,,,,,,,,,,,,,,,,,,,,,,,,,,,,,,,,,,,,,,,,,,,,,,,,,Sami Feder,Director,,,,,,,,,,,,,,,,,,,,,,,,,,,,,,,,,,,,,,,,,,,,,,,,,,,,,,,,,,,,
Paarl Dramatic Circle,,none,Yiddish,Amateur,,,"Paarl, South Africa",,,,,,,Herman Kowarsky,Post,,,,,,,,,,,,,,,,,,,,,,,,,,,,,,,,,,,,,,,,,,,,,,,,,,,,,,,,,,,,,,,,,,,,,,,,,,,,,,,,,,,,,,,,,,,,,,,,,,,,,,,,,,,,,,,,,,,,,,,,,,,,,,,,,,,,,,,,,,,,,,,,,,,,,,
Palestine Opera,,http://www.israel-opera.co.il/Eng/?CategoryID=220&ArticleID=143,Hebrew,Professional,,,Tel Aviv,,,,,,,,,,,,,,,Gerturd Kraus,Post,,,,,,,,,,,,,,,,,,,,,,,,,,,,,,,,,,,,,,,,,,,,,,,,,,,,,,,,,,,,,,,,,,,,,,,,,,,,,,,,,,,,,,,,,,,,,,,,,,,,,,,,,,,,,,,,,,,,,,,,,,,,,,,,,,,,,,,,,,,,,,
Polish State Yiddish Theater,"State Jewish Theater of Poland, Polish State Jewish Theater, Ida Kaminska Theater, Teatr Żydowski im. E. R. Kaminskiej",http://www.yivoencyclopedia.org/article.aspx/Polish_State_Yiddish_Theater,Yiddish,Professional,1949,Present,Warsaw,Lodz,,,,,,Ida Kaminska,Post,,,,,,,Khavel Buzgan,Post,Moyshe Feder,Post,Meir Melman,Post,Yitzkhok Grudberg,Post,Avrom Morevsky,Post,Jacob Rotbaum,Post,Ruth Taru,Post,Rivka Shiller,Post,Yitzkhok Dogim,Post,Khavel Buzgan,Post,,,,,,,,,,,,,,,,,,,,,,,,,,,,,,,,,,,,,,,,,,,,,,,,,,,,,,,,,,,,,,,Moyshe Lipman,Director,,,,,,,,,,,,,,,,,,,,,,,,,,,,,,,,,,,,,,,,,,,,,,,,,,,,,,,,,,,,
Praesens,Praesens Blok,https://books.google.com/books/about/Constructivism_in_Poland_1923_1936_BLOK.html?id=-k9TAAAAMAAJ,Polish,Art Society,1926,,Warsaw,,,,,,,Szymon Syrkus,Pre,,,,,,,Andrzej Pronaszko,Pre,,,,,,,,,,,,,,,,,,,,,,,,,,,,,,,,,,,,,,,,,,,,,,,,,,,,,,,,,,,,,,,,,,,,,,,,,,,,,,,,,,,,,,,,,,,,,,,,,,,,,,,,,,,,,,,,,,,,,,,,,,,,,,,,,,,,,,,,,,,,,,
Provincetown Players,,http://www.provincetownplayhouse.com/history.html,English,Amateur,1915,1929,"Provincetown, MA",,,,,,,,,,,,,,,,,,,,,,,,,,,,,,,,,,,,,,,,,,,,,,,,,,,,,,,,,,,,,,,,,,,,,,,,,,,,,,,,,,,,,,,,,,,,,,,,,Mordecai Gorelik,Designer,,,,,,,,,,,,,,,,,,,,,,,,,,,,,,,,,,,,,,,,,,,,,,,,,,,,,,,,,,,,
PYAT,"Parizer Yidisher Arbeter Teater, Parizer yidisher avagard-theater",http://www.jewishmag.com/116mag/yiddishtheater/yiddishtheater.htm,Yiddish,Professional,1933,1940,Paris,,,,,,,Yankev Kurlender,Post,Dovid Likht,Post,Jacob Rotbaum,Post,Yankev Mansdorf,Post,Henekh Kon,Post,,,,,,,,,,,,,,,,,,,,,,,,,,,,,,,,,,,,,,,,,,,,,,,,,,,,,,,,,,,,,,,,,,,,,,,,,,,,,,,,,,,,,,,,,,,,,,,,,,,,,,,,,,,,,,,,,,,,,,,,,,,,,,,,,,,,,,,,"Jacob Rotbaum, Dovid Likht, Yankev Kurlender",,,,,,
Riger yidishn meutim teater,,http://www.yivoencyclopedia.org/article.aspx/Soviet_State_Yiddish_Theaters,Yiddish,Professional,192?,,Riga,,,,,,,Alex Stein,Post,,,,,,,Klara Segalovitch,Post,Khane Braz,Post,Avrom Morevsky,Post,Isaac Samberg,Post,Rivka Shiller,Post,Yankev Mandlblit,Post,Daniel Shapiro,Pre,,,,,,,,,,,,,,,,,,,,,,,,,,,,,,,,,,,,,,,,,,,,,,,,,,,,,,,,,,,,,,,,,,,,,Rose Shoshana,Actor,,,,,,,,,,,,,,,,,,,,,,,,,,,,,,,,,,,,,,,,,,,,,,,,,,,,,,,,,,,,
Royal Academy of Fine Arts,Koninklijke Academie voor Schone Kunsten van Antwerpen,https://en.wikipedia.org/wiki/Royal_Academy_of_Fine_Arts_(Antwerp),Dutch,School,1663,Present,Antwerp,,,,,,,,,,,,,,,Henryrk Berlewi,Pre,,,,,,,,,,,,,,,,,,,,,,,,,,,,,,,,,,,,,,,,,,,,,,,,,,,,,,,,,,,,,,,,,,,,,,,,,,,,,,,,,,,,,,,,,,,,,,,,,,,,,,,,,,,,,,,,,,,,,,,,,,,,,,,,,,,,,,,,,,,,,,
Rubin Academy of Music and Dance,,https://en.wikipedia.org/wiki/Jerusalem_Academy_of_Music_and_Dance,Hebrew,School,,,Jerusalem,,,,,,,,,,,,,,,Gertrud Kraus,Post,,,,,,,,,,,,,,,,,,,,,,,,,,,,,,,,,,,,,,,,,,,,,,,,,,,,,,,,,,,,,,,,,,,,,,,,,,,,,,,,,,,,,,,,,,,,,,,,,,,,,,,,,,,,,,,,,,,,,,,,,,,,,,,,,,,,,,,,,,,,,,
Russian Theater in Astrakhan,,none,Russian,Professional,,,Astrakhan,,,,,,,,,,,,,,,Adam Domb,Pre,,,,,,,,,,,,,,,,,,,,,,,,,,,,,,,,,,,,,,,,,,,,,,,,,,,,,,,,,,,,,,,,,,,,,,,,,,,,,,,,,,,,,,,,,,,,,,,,,,,,,,,,,,,,,,,,,,,,,,,,,,,,,,,,,,,,,,,,,,,,,,
Sam Adler Troupe,,none,Yiddish,Professional,,,EE,,,,,,,,,,,,,,,Mendl Elkin,Pre,Jacob Ben-Ami,Pre,Nadya Neroslavskaya,Pre,,,,,,,,,,,,,,,,,,,,,,,,,,,,,,,,,,,,,,,,,,,,,,,,,,,,,,,,,,,,,,,,,,,,,,,,,,,,,,,,,,,,,,,,,,,,,,,,,,,,,,,,,,,,,,,,,,,,,,,,,,,,,,,,,,,,,,,,,,
Sambatyon,Sambatiyon,http://www.yivoencyclopedia.org/article.aspx/Kleynkunst,Yiddish,Cabaret,1926,1929,Vilna,,,,,,,,,,,,,,,Władysław Weintraub,Post,A. Roytman,?,Avrom Eyzenberg,Post,Moyshe Potashinsky,Post,Dovid Birnboym,Post,,,,,,,,,,,,,,,,,,,,,,,,,,,,,,,,,,,,,,,,,,,,,,,,,,,,,,,,,,,,,,,,,,,,,,,,,Ester Lipovska,Actor,Władysław Godik,Actor,Ola Lilith,Actor,,,,,,,,,,,,,,,,,,,,,,,,,,,,,,,,,,,,,,,,,,,,,,,,,,,,,,,,
Second Avenue Theater,,https://en.wikipedia.org/wiki/Yiddish_Theater_District,Yiddish,Professional,,,New York,,,,,,,Wolf Barzel,Post,Joseph Edelstein,Post,,,,,Leib Kadison,Post,Leon Liebgold,Post,Luba Kadison,Post,Mordechai Yachson,Post,Moyshe Feder,Post,Alex Chertov,Pre,Mark Schweid,Pre,,,,,,,,,,,,,,,,,,,,,,,,,,,,,,,,,,,,,,,,,,,,,,,,,,,,,,,,,,,,,,,,,,,,,Celia Adler,Actor,Zvi Scooler,Actor,Dina Halpern,Actor,Julius Adler,Actor,Boris Auerbach,Actor,,,,,,,,,,,,,,,,,,,,,,,,,,,,,,,,,,,,,,,,,,,,,,,,,,,,
Sholem Asch Theater,,none,Yiddish,Professional,,,"Bat Yam, Israel",,,,,,,,,,,,,,,,,,,,,,,,,,,,,,,,,,,,,,,,,,,,,,,,,,,,,,,,,,,,,,,,,,,,,,,,,,,,,,,,,,,,,,,,,,,,,,,,,,,,,,,,,,,,,,,,,,,,,,,,,,,,,,,,,,,,,,,,,,,,,,,,,,,,,,,,,,,,,,
Slavenska Franklin Ballet Company,,https://en.wikipedia.org/wiki/Mia_Slavenska,English,Professional Dance,1950,?,New York,,,,,,,,,,,,,,,,,,,,,,,,,,,,,,,,,,,,,,,,,,,,,,,,,,,,,,,,,,,,,,,,,,,,,,,,,,,,,,,,,,,,,,,,,,,,,,,,,Mia Slavenska,"Founder, Dancer",,,,,,,,,,,,,,,,,,,,,,,,,,,,,,,,,,,,,,,,,,,,,,,,,,,,,,,,,,,,
Słowacki Theatre,,https://en.wikipedia.org/wiki/Juliusz_Słowacki_Theatre,Polish,Professional,1893,,Krakow,,,,,,,,,,,,,,,Andrzej Pronaszko,Post,,,,,,,,,,,,,,,,,,,,,,,,,,,,,,,,,,,,,,,,,,,,,,,,,,,,,,,,,,,,,,,,,,,,,,,,,,,,,,,,,Karol Frycz,Director,Juliusz Osterwa,Director,Aleksander Zelwerowicz,Actor,,,,,,,,,,,,,,,,,,,,,,,,,,,,,,,,,,,,,,,,,,,,,,,,,,,,,,,,
Solovtsov Teater,,http://encyclopedia2.thefreedictionary.com/Solovtsov+Theater,Russian,Professional,,,Kiev,Russia,,,,,,,,,,,,,,Alexander Azro,Pre,,,,,,,,,,,,,,,,,,,,,,,,,,,,,,,,,,,,,,,,,,,,,,,,,,,,,,,,,,,,,,,,,,,,,,,,,,,,,,,,,,,,,,,,,,,,,,,,,,,,,,,,,,,,,,,,,,,,,,,,,,,,,,,,,,,,,,,,,,,,,,
Sziraim,(Precursor to Lower Silesian Yiddish Theater),none,Yiddish,Amateur,,,Wrocław,,,,,,,,,,,,,,,Ruth Taru,Post,Simkhe Natan,Post,Yankev Reynglas,Post,,,,,,,,,,,,,,,,,,,,,,,,,,,,,,,,,,,,,,,,,,,,,,,,,,,,,,,,,,,,,,,,,,,,,,,,,,,,,,,,,,,,,,,,,,,,,,,,,,,,,,,,,,,,,,,,,,,,,,,,,,,,,,,,,,,,,,,,,,
Tamar Ramle Dance Company,,http://www.zvidance.com/about/zvi.php,Hebrew,Professional Dance,,,Jerusalem,,,,,,,,,,,,,,,,,,,,,,,,,,,,,,,,,,,,,,,,,,,,,,,,,,,,,,,,,,,,,,,,,,,,,,,,,,,,,,,,,,,,,,,,,,,,,,,,,Zvi Gotheiner,"Founder, Dancer",,,,,,,,,,,,,,,,,,,,,,,,,,,,,,,,,,,,,,,,,,,,,,,,,,,,,,,,,,,,
Tanzgruppe Bodenwieser,,http://jwa.org/encyclopedia/article/bodenwieser-gertrud,German,Professional,1923,1938,Vienna,,,,,,,,,,,,,,,Gertrud Kraus,Pre,,,,,,,,,,,,,,,,,,,,,,,,,,,,,,,,,,,,,,,,,,,,,,,,,,,,,,,,,,,,,,,,,,,,,,,,,,,,,,,,,Gertrud Bodenwieser,Founder,,,,,,,,,,,,,,,,,,,,,,,,,,,,,,,,,,,,,,,,,,,,,,,,,,,,,,,,,,,,
Teater Ambu,,none,Yiddish,Professional,,,Buenos Aires,,,,,,,,,,,,,,,Avrom Morevsky,Post,,,,,,,,,,,,,,,,,,,,,,,,,,,,,,,,,,,,,,,,,,,,,,,,,,,,,,,,,,,,,,,,,,,,,,,,,,,,,,,,,,,,,,,,,,,,,,,,,,,,,,,,,,,,,,,,,,,,,,,,,,,,,,,,,,,,,,,,,,,,,,
Teater-kolektiv bay san-pauler folks-hoyz,Sao Paolo Dramatic Circle,none,Yiddish,Amateur,,,Sao Paolo,,,,,,,Yankev Kurlender,Post,,,,,,,,,,,,,,,,,,,,,,,,,,,,,,,,,,,,,,,,,,,,,,,,,,,,,,,,,,,,,,,,,,,,,,,,,,,,,,,,,,,,,,,,,,,,,,,,,,,,,,,,,,,,,,,,,,,,,,,,,,,,,,,,,,,,,,,,,,,,,,,,,,,,,,
Teatr Mały,,https://pl.wikipedia.org/wiki/Teatr_Mały_w_Warszawie_(1906-1939),Polish,"Professional, School",1906,1939,Warsaw,,,,,,,,,,,,,,,Yankev Shidlo,Pre,Baruch Lumet,Pre,Mark Schweid,Pre,,,,,,,,,,,,,,,,,,,,,,,,,,,,,,,,,,,,,,,,,,,,,,,,,,,,,,,,,,,,,,,,,,,,,,,,,,,,,,,,,,,,,,,,,,,,,,,,,,,,,,,,,,,,,,,,,,,,,,,,,,,,,,,,,,,,,,,,,,
Teatr Polski,,https://pl.wikipedia.org/wiki/Teatr_Polski_w_Warszawie,Polish,Professional,1913,,Warsaw,,,,,,,,,,,,,,,Zygmunt Turkow,Pre,,,,,,,,,,,,,,,,,,,,,,,,,,,,,,,,,,,,,,,,,,,,,,,,,,,,,,,,,,,,,,,,,,,,,,,,,,,,,,,,,Arnold Szyfman,Founder,Karol Frycz,Designer,Leon Schiller,Director,Alexander Zelwerowicz,Director,Richard Boleslavsky,Director,Juliusz Osterwa,Director,,,,,,,,,,,,,,,,,,,,,,,,,,,,,,,,,,,,,,,,,,,,,,,,,,
Teatr Polski we Wrocławiu,,https://pl.wikipedia.org/wiki/Teatr_Polski_we_Wrocławiu,Polish,Professional,,,Wrocław,,,,,,,Jacob Rotbaum,Post,,,,,,,,,,,,,,,,,,,,,,,,,,,,,,,,,,,,,,,,,,,,,,,,,,,,,,,,,,,,,,,,,,,,,,,,,,,,,,,,,,,,,,,,,,,,,,,,,,,,,,,,,,,,,,,,,,,,,,,,,,,,,,,,,,,,,,,,,,,,,,,,,,,,,,
"Teatr Polski, Lodz",,https://pl.wikipedia.org/wiki/Teatr_im._Stefana_Jaracza_w_Łodzi,Polish,Professional,1888,Present,Lodz,,,,,,,,,,,,,,,Andrzej Pronaszko,Pre,,,,,,,,,,,,,,,,,,,,,,,,,,,,,,,,,,,,,,,,,,,,,,,,,,,,,,,,,,,,,,,,,,,,,,,,,,,,,,,,,,,,,,,,,,,,,,,,,,,,,,,,,,,,,,,,,,,,,,,,,,,,,,,,,,,,,,,,,,,,,,
Teatr Reduta,,https://pl.wikipedia.org/wiki/Teatr_Reduta,Polish,Professional,1919,,Warsaw,Vilna,,,,,,,,,,,,,,Andrzej Pronaszko,Post,Devorah Rosenblum,Pre,,,,,,,,,,,,,,,,,,,,,,,,,,,,,,,,,,,,,,,,,,,,,,,,,,,,,,,,,,,,,,,,,,,,,,,,,,,,,,,Leon Schiller,Director,Juliusz Osterwa,Founder,,,,,,,,,,,,,,,,,,,,,,,,,,,,,,,,,,,,,,,,,,,,,,,,,,,Jerzy Grotowski,,,,,,,
Théâtre le Temple,,https://fr.wikipedia.org/wiki/Théâtre_Le_Temple,Yiddish,Professional,1925,,Paris,,,,,,,,,,,,,,,Leonid Sniegov,Post,Isaac Samberg,Post,Lidia Pototska,Post,,,,,,,,,,,,,,,,,,,,,,,,,,,,,,,,,,,,,,,,,,,,,,,,,,,,,,,,,,,,,,,,,,,,,,,,,,,,,Paul Baratoff,Actor,Moyshe Burstin,Founder/Director,,,,,,,,,,,,,,,,,,,,,,,,,,,,,,,,,,,,,,,,,,,,,,,,,,,,,,,,,,
Teatron Emunahti,,none,Hebrew,Professional,,,Tel Aviv,,,,,,,Bela Daniel,Post,,,,,,,,,,,,,,,,,,,,,,,,,,,,,,,,,,,,,,,,,,,,,,,,,,,,,,,,,,,,,,,,,,,,,,,,,,,,,,,,,,,,,,,,,,,,,,,,,,,,,,,,,,,,,,,,,,,,,,,,,,,,,,,,,,,,,,,,,,,,,,,,,,,,,,
Teatron Ivri,The Hebrew Theater of Palestine,http://www.yivoencyclopedia.org/article.aspx/Theater/Hebrew_Theater,Hebrew,Professional,1920,1923,Tel Aviv,,,,,,,Dovid Dovidov,Post,,,,,,,,,,,,,,,,,,,,,,,,,,,,,,,,,,,,,,,,,,,,,,,,,,,,,,,,,,,,,,,,,,,,,,,,,,,,,,,,,,,,,,,,,,,,,,,,,,,,,,,,,,,,,,,,,,,,,,,,,,,,,,,,,,,,,,,,,,,,,,,,,,,,,,
Theater for Two,Teater far tsvey; Rozenblum-Melnik teater,none,Yiddish,Cabaret,1934,1955,South America,Western Europe,"US, Canada, Israel",,,,,Nokhum Melnik,Post,Devorah Rosenblum,Post,,,,,,,,,,,,,,,,,,,,,,,,,,,,,,,,,,,,,,,,,,,,,,,,,,,,,,,,,,,,,,,,,,,,,,,,,,,,,,,,,,,,,,,,,,,,,,,,,,,,,,,,,,,,,,,,,,,,,,,,,,,,,,,,,,,,,,,,,,,,,,,,,,,,
Theatre Guild,,https://en.wikipedia.org/wiki/Theatre_Guild,English,Professional,,,New York,,,,,,,,,,,,,,,Jacob Ben-Ami,Post,Wolf Barzel,Post,Mark Schweid,Pre,,,,,,,,,,,,,,,,,,,,,,,,,,,,,,,,,,,,,,,,,,,,,,,,,,,,,,,,,,,,,,,,,,,,,,,,,,,,,Morris Carnovsky,Actor,Harold Clurman,Actor,Edward G. Robinson,Actor,Lynn Fontanne,Actor,Alfred Lunt,Actor,Tyrone Guthrie,Director,Stella Adler,Actor,Michio Itō,Choreographer,,,,,,,,,,,,,,,,,,,,,,,,,,,,,,,,,,,,,,,,,,,,,,
The Second City,,https://en.wikipedia.org/wiki/The_Second_City,English,Comedy,1950s,Present,Chicago,,,,,,,,,,,,,,,,,,,,,,,,,,,,,,,,,,,,,,,,,,,,,,,,,,,,,,,,,,,,,,,,,,,,,,,,,,,,,,,,,,,,,,,,,,,,,,,,,Judy Graubart,Actor,,,,,,,,,,,,,,,,,,,,,,,,,,,,,,,,,,,,,,,,,,,,,,,,,,,,,,,,,,,,
University of Vienna Law School,,https://en.wikipedia.org/wiki/University_of_Vienna,German,College/University,,,Vienna,,,,,,,,,,,,,,,Mikhl Vaykhert,Pre,,,,,,,,,,,,,,,,,,,,,,,,,,,,,,,,,,,,,,,,,,,,,,,,,,,,,,,,,,,,,,,,,,,,,,,,,,,,,,,,,,,,,,,,,,,,,,,,,,,,,,,,,,,,,,,,,,,,,,,,,,,,,,,,,,,,,,,,,,,,,,
University of Warsaw,,https://en.wikipedia.org/wiki/University_of_Warsaw,Polish,College/University,,,Warsaw,,,,,,,,,,,,,,,Zalmen Hirshfeld,Pre,,,,,,,,,,,,,,,,,,,,,,,,,,,,,,,,,,,,,,,,,,,,,,,,,,,,,,,,,,,,,,,,,,,,,,,,,,,,,,,,,,,,,,,,,,,,,,,,,,,,,,,,,,,,,,,,,,,,,,,,,,,,,,,,,,,,,,,,,,,,,,
Unzer Teater,,https://books.google.com/books?id=ABnQTU7xYJ8C&pg=PA276&lpg=PA276&dq=unzer+teater&source=bl&ots=vNSF0jnxqJ&sig=2iBx4EGbYGjlzzP1eKbckpRqupQ&hl=en&sa=X&ved=0CDUQ6AEwBGoVChMI05KrvK_vxgIVhmk-Ch12UQQy#v=onepage&q=unzer%20teater&f=false,Yiddish ,Professional,1925,1926,"Bronx, New York",,,,,,,Mendl Elkin,Post,Chaim Shniur,Post,,,,,Frida Vitalin,Post,Bela Belarina,Post,Joseph Green,Post,Yankev Blayfer,Post,Jacob Bergrin,Post,Boris Aronson,Post,Wolf Barzel,Post,,,,,,,,,,,,,,,,,,,,,,,,,,,,,,,,,,,,,,,,,,,,,,,,,,,,,,,,,,,,,,,,,,,,,Richard Boleslavsky,Advisor,,,,,,,,,,,,,,,,,,,,,,,,,,,,,,,,,,,,,,,,,,,,,,,,,,,,,,,,,,,,
Unzer teater (Vilna),,none,Yiddish,Professional,193?,193?,Vilna,,,,,,,,,,,,,,,Zygmunt Turkow,Post,Avrom Morevsky,Post,Yitzkhok Dogim,Post,Ida Kaminska,Post,Frida Vitalin,Post,,,,,,,,,,,,,,,,,,,,,,,,,,,,,,,,,,,,,,,,,,,,,,,,,,,,,,,,,,,,,,,,,,,,,,,,,Yonas Turkow,Actor,Dina Halpern,Actor,Paul Breitman,Actor,,,,,,,,,,,,,,,,,,,,,,,,,,,,,,,,,,,,,,,,,,,,,,,,,,,,,,,,
Unzer Teater Studio,,none,Yiddish,School,1925,1926,"Bronx, New York ",,,,,,,Mendl Elkin,Post,Chaim Shniur,Post,,,,,Joseph Green,Post,Yankev Blayfer,Post,Jacob Bergrin,Post,,,,,,,,,,,,,,,,,,,,,,,,,,,,,,,,,,,,,,,,,,,,,,,,,,,,,,,,,,,,,,,,,,,,,,,,,,,,,Richard Boleslavsky,Teacher,,,,,,,,,,,,,,,,,,,,,,,,,,,,,,,,,,,,,,,,,,,,,,,,,,,,,,,,,,,,
Unzer vinkl,,none,Yiddish,Professional,1918,1921,Kharkov,,,,,,,Wolf Zilberberg,Pre,,,,,,,Zygmunt Turkow,Pre,Roza Birnboym,Pre,Betty Dalska,Pre,Ida Kaminska,Pre,Leyzer Zhelazo,Pre,,,,,,,,,,,,,,,,,,,,,,,,,,,,,,,,,,,,,,,,,,,,,,,,,,,,,,,,,,,,,,,,,,,,,,,,,Ester-Rokhl Kaminska,Actor,,,,,,,,,,,,,,,,,,,,,,,,,,,,,,,,,,,,,,,,,,,,,,,,,,,,,,,,,,,,
Vilna Dramatic Ensemble,,none,Yiddish,Professional,,,Vilna,,,,,,,,,,,,,,,Sonia Altboym,,,,,,,,,,,,,,,,,,,,,,,,,,,,,,,,,,,,,,,,,,,,,,,,,,,,,,,,,,,,,,,,,,,,,,,,,,,,,,,,,,,,,,,,,,,,,,,,,,,,,,,,,,,,,,,,,,,,,,,,,,,,,,,,,,,,,,,,,,,,,,,
Vilna Yiddish Drama Club,,none,Yiddish,Amateur,1911?,,Vilna,,,,,,,,,,,,,,,Alexander Azro,Pre,Sonia Alomis,Pre,Noah Nachbush,Pre,R. Rivkina,Pre,Chaim Shniur,Pre,Frida Blumental,Pre,,,,,,,,,,,,,,,,,,,,,,,,,,,,,,,,,,,,,,,,,,,,,,,,,,,,,,,,,,,,,,,,,,,,,,,Peretz Hirschbein,Founder,,,,,,,,,,,,,,,,,,,,,,,,,,,,,,,,,,,,,,,,,,,,,,,,,,,,,,,,,,,,
Vilner dramatisher trupe,,none,Yiddish,Amateur,,,Vilna,,,,,,,,,,,,,,,Khavel Buzgan,Post,Zygmunt Turkow,Pre,Isaac Samberg,Post,,,,,,,,,,,,,,,,,,,,,,,,,,,,,,,,,,,,,,,,,,,,,,,,,,,,,,,,,,,,,,,,,,,,,,,,,,,,,Ester-Rokhl Kaminska,Actor,,,,,,,,,,,,,,,,,,,,,,,,,,,,,,,,,,,,,,,,,,,,,,,,,,,,,,,,,,,,
Vilner operetes trupe,,none,Yiddish,Professional,,,Vilna,,,,,,,,,,,,,,,A. Sandu,Post,,,,,,,,,,,,,,,,,,,,,,,,,,,,,,,,,,,,,,,,,,,,,,,,,,,,,,,,,,,,,,,,,,,,,,,,,,,,,,,,,,,,,,,,,,,,,,,,,,,,,,,,,,,,,,,,,,,,,,,,,,,,,,,,,,,,,,,,,,,,,,
Vilner yidish folks teater,,none,Yiddish,Professional,1956,,Vilna,,,,,,,Yitzkhok Dogim,Post,,,,,,,,,,,,,,,,,,,,,,,,,,,,,,,,,,,,,,,,,,,,,,,,,,,,,,,,,,,,,,,,,,,,,,,,,,,,,,,,,,,,,,,,,,,,,,,,,,,,,,,,,,,,,,,,,,,,,,,,,,,,,,,,,,,,,,,,,,,,,,,,,,,,,,
Vilner yidisher melukhe teater,,none,Yiddish,Professional,,,Vilna,,,,,,,,,,,,,,,Shloyme Kon,Pre,,,,,,,,,,,,,,,,,,,,,,,,,,,,,,,,,,,,,,,,,,,,,,,,,,,,,,,,,,,,,,,,,,,,,,,,,,,,,,,,,,,,,,,,,,,,,,,,,,,,,,,,,,,,,,,,,,,,,,,,,,,,,,,,,,,,,,,,,,,,,,
Vilner yidisher teater,,none,Yiddish,Professional,,,Vilna,,,,,,,,,,,,,,,,,,,,,,,,,,,,,,,,,,,,,,,,,,,,,,,,,,,,,,,,,,,,,,,,,,,,,,,,,,,,,,,,,,,,,,,,,,,,,,,,,Yonas Turkow,Artistic Director,,,,,,,,,,,,,,,,,,,,,,,,,,,,,,,,,,,,,,,,,,,,,,,,,,,,,,,,,,,,
VKYT,Varshever yidisher kunst teater,http://www.yivoencyclopedia.org/article.aspx/Warsaw_Yiddish_Art_Theater,Yiddish,Professional,,,Warsaw,,,,,,,Zygmunt Turkow,Post,Ida Kaminska,Post,,,,,Klara Segalovitch,Post,Sonia Altboym,Pre,Adam Domb,Pre,Ruth Taru,Pre,Meir Melman,Post,Dovid Birnboym,Pre,Yitzkhok Grudberg,Pre,Yankev Mansdorf,Post,Yankev Mandlblit,Pre,Zalmen Hirshfeld,Pre,Khavel Buzgan,Post,Josef Kaminski,Pre,Fritz Kleynman,Pre,Naomi Natan,Pre,Simkhe Natan,Pre,A. Sandu,Post,Moyshe Tayman,Pre,Pepi Urich,Post,Władysław Weintraub,Post,Wolf Zilberberg,Post,Yoysef Shlivniak,Post,,,,,,,,,,,,,,,,,,,,,,,,,,,,,,,,,,,,,,,,,Yonas Turkow,Actor,Moyshe Lipman,Actor,Rose Shoshana,Actor,Diana Blumenfeld,Actor,,,,,,,,,,,,,,,,,,,,,,,,,,,,,,,,,,,,,,,,,,,,,,,,,,,,,,
VNIT,Varshever nayer idisher teater,http://www.yivoencyclopedia.org/article.aspx/Turkow_Family,Yiddish,Professional,,,Warsaw,,,,,,,Dovid Herman,Post,,,,,,,Zygmunt Turkow,Post,Yitzkhok Grudberg,Post,Hersh Poznanski,Post,Isaac Samberg,Post,Klara Segalovitch,Post,Yoysef Shlivniak,Post,,,,,,,,,,,,,,,,,,,,,,,,,,,,,,,,,,,,,,,,,,,,,,,,,,,,,,,,,,,,,,,,,,,,,,,Yonas Turkow,Founder,Karol Frycz,Designer,,,,,,,,,,,,,,,,,,,,,,,,,,,,,,,,,,,,,,,,,,,,,,,,,,,,,,,,,,
Warsaw Academy of Drama,,https://en.wikipedia.org/wiki/The_Aleksander_Zelwerowicz_National_Academy_of_Dramatic_Art_in_Warsaw,Polish,School,18?,,Warsaw,,,,,,,,,,,,,,,Dovid Herman,Pre,Bela Belarina,Pre,Luba Kadison,Pre,Mark Schweid,Pre,Yankev Shidlo,Pre,Chava Eisen,Pre,,,,,,,,,,,,,,,,,,,,,,,,,,,,,,,,,,,,,,,,,,,,,,,,,,,,,,,,,,,,,,,,,,,,,,,,,,,,,,,,,,,,,,,,,,,,,,,,,,,,,,,,,,,,,,,,,,,,,,,,,,,,,,,,,,,,
Warsaw Quartet,,none,Polish,Orchestra,,,Warsaw,,,,,,,Josef Kaminski,Post,,,,,,,,,,,,,,,,,,,,,,,,,,,,,,,,,,,,,,,,,,,,,,,,,,,,,,,,,,,,,,,,,,,,,,,,,,,,,,,,,,,,,,,,,,,,,,,,,,,,,,,,,,,,,,,,,,,,,,,,,,,,,,,,,,,,,,,,,,,,,,,,,,,,,,
Wrocław Opera,,https://en.wikipedia.org/wiki/Wrocław_Opera,Polish,Professional,,,Wrocław,,,,,,,Lea Rotbaum,Post,,,,,,,,,,,,,,,,,,,,,,,,,,,,,,,,,,,,,,,,,,,,,,,,,,,,,,,,,,,,,,,,,,,,,,,,,,,,,,,,,,,,,,,,,,,,,,,,,,,,,,,,,,,,,,,,,,,,,,,,,,,,,,,,,,,,,,,,,,,,,,,,,,,,,,
YFT Theater,Yidish folk theater,none,Yiddish,Professional,,,Buenos Aires,,,,,,,Dovid Likht,Post,,,,,,,,,,,,,,,,,,,,,,,,,,,,,,,,,,,,,,,,,,,,,,,,,,,,,,,,,,,,,,,,,,,,,,,,,,,,,,,,,,,,,,,,,,,,,,,,,,,,,,,,,,,,,,,,,,,,,,,,,,,,,,,,,,,,,,,,,,,,,,,,,,,,,,
Yiddish Acting Studio Vilna,,none,Yiddish,Professional,1921,,Vilna,,,,,,,Shabsay Bliakher,Pre,Bela Daniel,?,Avrom Slobodski,?,,,,,,,,,,,,,,,,,,,,,,,,,,,,,,,,,,,,,,,,,,,,,,,,,,,,,,,,,,,,,,,,,,,,,,,,,,,,,,,,,,,,,,,,,,,,,,,,,,,,,,,,,,,,,,,,,,,,,,,,,,,,,,,,,,,,,,,,,,,,,,,,,,
Yiddish Art Theater,,https://en.wikipedia.org/wiki/Maurice_Schwartz,Yiddish,Professional,,,New York,Paris,"Buenos Aires, Sao Paolo",,,,,,,,,,,,,Joseph Buloff,Post,Luba Kadison,Post,,,Reuven Vendorf,Post,Avrom Morevsky,Post,Jacob Rotbaum,Post,Bela Belarina,Post,Avrom Taytlboym,Post,Jacob Ben-Ami,Post,Noah Nachbush,Post,Leah Naomi,Post,Yankev Mestel,Post,Chaim Shniur,Post,Joseph Green,Post,Mordechai Mazo,Post,Alex Stein,Post,Ida Garber,Post,Mordechai Yachson,Pre,Ester Orzevskaya,Post,Leonid Sniegov,Post,Rivka Shiller,Post,Moyshe Feder,Post,Fela Biro,Post,Yankev Kurlender,Post,Dovid Likht,Post,Yankev Mestel,Pre,Ester Neroslavska,Post,,,Leola Vendorf,Post,Molly Pickus,Post,Isaac Samberg,Post,Helen Zelinskaya,Post,Wolf Zilberberg,Post,Meyer Posner,Pre,Shloyme Krause,Post,Benjamin Fishbein,Pre,Louis Weisberg,Pre,Ben Tsion Shoenfeld,Pre,Alex Chertov,Pre,Natan Gaiptman,Pre,Mark Schweid,Pre,Stella Adler,Actor,Maurice Schwartz,Founder,Celia Adler,Actor,Zvi Scooler,Actor,Dina Halpern,Actor,Miriam Kressyn,Actor,Helen Beverly,Actor,Julius Adler,Actor,Sidney Lumet,Actor,Paul Baratoff,Actor,Judith Malina,Actor,Bertha Gersten,Actor,Baruch Lumet,Actor,Sidney Lumet,Actor,Misha German,Actor,Lucy German,Actor,Boris Aronson,Designer,Misha Fishzon,Actor,Paul Muni,Actor,Luther Adler,Actor,Sam Level,Designer,Mordecai Gorelik,Designer,Ben Tsion Katz,Stage Manager,Jerome Robbins,Actor,Charlotte Goldstein Chafran,Actor,Boris Glagolin,Director,Gustav Schacht,Actor,Sidney Lumet,Boris Aronson,,,,,,
Yiddish Drama School,,none,Yiddish,School,,,Warsaw,,,,,,,Dovid Herman,Pre,,,,,,,Zygmunt Turkow,Pre,Jacob Waislitz,Pre,Miriam Shik,Pre,Yankev Shidlo,Pre,Henrik Tarlo,Pre,Morits Norvid,Pre,,,,,,,,,,,,,,,,,,,,,,,,,,,,,,,,,,,,,,,,,,,,,,,,,,,,,,,,,,,,,,,,,,,,,,,Yonas Turkow,Student,,,,,,,,,,,,,,,,,,,,,,,,,,,,,,,,,,,,,,,,,,,,,,,,,,,,,,,,,,,,
Yiddish Dramatic Players,,none,Yiddish,Professional,1938,,New York,,,,,,,,,,,,,,,Joseph Buloff,Post,,,,,,,,,,,,,,,,,,,,,,,,,,,,,,,,,,,,,,,,,,,,,,,,,,,,,,,,,,,,,,,,,,,,,,,,,,,,,,,,,Celia Adler,Actor,Fishel Bimko,Writer,,,,,,,,,,,,,,,,,,,,,,,,,,,,,,,,,,,,,,,,,,,,,,,,,,,,,,,,,,
Yiddish Folk Theater,,none,Yiddish,Professional,,,Vilna,,,,,,,,,,,,,,,Sasha Lipovski,Pre,Avrom Morevski,Pre,Alex Stein,Post,,,,,,,,,,,,,,,,,,,,,,,,,,,,,,,,,,,,,,,,,,,,,,,,,,,,,,,,,,,,,,,,,,,,,,,,,,,,,Nokhum Lipovski,Director,,,,,,,,,,,,,,,,,,,,,,,,,,,,,,,,,,,,,,,,,,,,,,,,,,,,,,,,,,,,
"Yiddish Folk Theater, Brussels",,none,Yiddish,Professional,193?,1940,Brussels,,,,,,,Mila Waislitz,Post,Moyshe Potashinski,Post,,,,,,,,,,,,,,,,,,,,,,,,,,,,,,,,,,,,,,,,,,,,,,,,,,,,,,,,,,,,,,,,,,,,,,,,,,,,,,,,,,,,,,,,,,,,,,,,,,,,,,,,,,,,,,,,,,,,,,,,,,,,,,,,,,,,,,,,,,,,,,,,,,,,
"Yiddish Folk Theater, Lviv",,none,Yiddish,Professional,1936?,?,Lviv,,,,,,,,,,,,,,,Simkhe Natan,Post,Naomi Natan,Post,Yankev Kurlender,Post,Khavel Buzgan,Post,Rivka Shiller,Post,,,,,,,,,,,,,,,,,,,,,,,,,,,,,,,,,,,,,,,,,,,,,,,,,,,,,,,,,,,,,,,,,,,,,,,,,,,,,,,,,,,,,,,,,,,,,,,,,,,,,,,,,,,,,,,,,,,,,,,,,,,,,,,,,,,,,,
Yiddish Theater Society,"Yidishe teater gezelshaft, Yiddish Dramatic School",none,Yiddish,"School, Artistic Group",1923,,New York,,,,,,,Mendl Elkin,Post,,,,,,,Yankev Blayfer,Post,Yankev Bergrin,Post,Joseph Green,Post,Wolf Barzel,Pre,,,,,,,,,,,,,,,,,,,,,,,,,,,,,,,,,,,,,,,,,,,,,,,,,,,,,,,,,,,,,,,,,,,,,,,,,,,Peretz Hirschbein,Founder,H. Leivick,Founder,Dovid Pinski,Founder,Richard Boleslavsky,Teacher,Maurice Schwartz,Director,Ivan Lazereff,Teacher,,,,,,,,,,,,,,,,,,,,,,,,,,,,,,,,,,,,,,,,,,,,,,,,,,
"Yiddish Theater Unit, Federal Theater Project","Yiddish Theater Unit, WPA",https://en.wikipedia.org/wiki/Federal_Theatre_Project,Yiddish,Professional,1935,,New York,,,,,,,Wolf Barzel,Post,,,,,,,Mordechai Yachson,Post,Jacob Bergrin,Post,Chaim Shniur,Post,,,,,,,,,,,,,,,,,,,,,,,,,,,,,,,,,,,,,,,,,,,,,,,,,,,,,,,,,,,,,,,,,,,,,,,,,,,,,Zvi Scooler,Actor,Gustav Schacht,Actor,,,,,,,,,,,,,,,,,,,,,,,,,,,,,,,,,,,,,,,,,,,,,,,,,,,,,,,,,,
Yidishe bine,,none,Yiddish,Amateur,192?,192?,Włocławek,,,,,,,,,,,,,,,Yitzkhok Grudberg,Pre,,,,,,,,,,,,,,,,,,,,,,,,,,,,,,,,,,,,,,,,,,,,,,,,,,,,,,,,,,,,,,,,,,,,,,,,,,,,,,,,,,,,,,,,,,,,,,,,,,,,,,,,,,,,,,,,,,,,,,,,,,,,,,,,,,,,,,,,,,,,,,
Yidishe dramatishe shul,,http://www.museumoffamilyhistory.com/yt/yiddish-dramatic-school.htm,Yiddish,School,1922,1924,Warsaw,,,,,,,Mikhl Vaykhert,Post,Wolf Zilberberg,Pre,Dovid Herman,Post,,,Dovid Birnboym,Pre,Yankev Kurlender,Pre,Yankev Mansdorf,Pre,Nokhum Melnik,Pre,Zalmen Hirshfled,Pre,Moyshe Potashinski,Pre,Ester Rapel,Pre,Simkhe Vaynshtok,Pre,,,,,,,,,,,,,,,,,,,,,,,,,,,,,,,,,,,,,,,,,,,,,,,,,,,,,,,,,,,,,,,,,,,Alexander Zelwerowicz,Teacher,,,,,,,,,,,,,,,,,,,,,,,,,,,,,,,,,,,,,,,,,,,,,,,,,,,,,,,,,,,,
Yidishe dramatishe teater in Amerike,,none,Yiddish,Professional,1927,1927,New York,"Wilmington, Delaware","Atlantic City, NJ",,,,,Baruch Lumet,Post,,,,,,,,,,,,,,,,,,,,,,,,,,,,,,,,,,,,,,,,,,,,,,,,,,,,,,,,,,,,,,,,,,,,,,,,,,,,,,,,,,,,,,,,,,,,,,,,,,,,,,,,,,,,,,,,,,,,,,,,,,,,,,,,,,,,,,,,,,,,,,,,,,,,,,
Yidisher Artistn Fareyn,"YAF, Związek Artystów Scen Żydowskich, ZASŻ",http://www.yivoencyclopedia.org/article.aspx/Yiddish_Actors_Union,Yiddish,Union,1919,1939,Warsaw,,,,,,,Mikhl Vaykhert,Pre,Isaac Samberg,Post,Mordechai Mazo,Post,Mendl Elkin,Post,,,,,,,,,,,,,,,,,,,,,,,,,,,,,,,,,,,,,,,,,,,,,,,,,,,,,,,,,,,,,,,,,,,,,,,,,,,,,,,,,,,Mark Arnshteyn,Founder,,,,,,,,,,,,,,,,,,,,,,,,,,,,,,,,,,,,,,,,,,,,,,,,,,,,,,,,,,,,
"Yidishn melukhe teater, Odessa",,none,Yiddish,Professional,1919,,Odessa,,,,,,,Shmuel Iris,Pre,,,,,,,,,,,,,,,,,,,,,,,,,,,,,,,,,,,,,,,,,,,,,,,,,,,,,,,,,,,,,,,,,,,,,,,,,,,,,,,,,,,,,,,,,,,,,,,,,,,,,,,,,,,,,,,,,,,,,,,,,,,,,,,,,,,,,,,,,,,,,,,,,,,,,,
YKTAV,Yidisher kunst teater in vilne,none,Yiddish,Professional,1939,1940,Vilna,,,,,,,,,,,,,,,Frida Vitalin,Post,Shabsay Bliakher,Post,,,,,,,,,,,,,,,,,,,,,,,,,,,,,,,,,,,,,,,,,,,,,,,,,,,,,,,,,,,,,,,,,,,,,,,,,,,,,,,,,,,,,,,,,,,,,,,,,,,,,,,,,,,,,,,,,,,,,,,,,,,,,,,,,,,,,,,,,,,,
Yung Teater,"Nay teater, Yiddish Experimental Young Theater, Yiddish Theater Studio",http://www.yivoencyclopedia.org/article.aspx/Yung-teater,Yiddish,Professional,1932,1939,Warsaw,,,,,,,Mikhl Vaykhert,Post,Henekh Kon,Post,,,,,Szymon Syrkus,Pre,Andrzej Pronaszko,Pre,Jacob Rotbaum,Post,Władysław Weintraub,Post,Yankev Mansdorf,Post,,,,,,,,,,,,,,,,,,,,,,,,,,,,,,,,,,,,,,,,,,,,,,,,,,,,,,,,,,,,,,,,,,,,,,,,,Felix Fibich,Choreographer,Judith Berg,Choreographer,,,,,,,,,,,,,,,,,,,,,,,,,,,,,,,,,,,,,,,,,,,,,,,,,,,"Edouard Autant, Louise Lara","Max Reinhardt, GOSET",,,,,,
Zagreb National Theater,,https://en.wikipedia.org/wiki/Croatian_National_Theatre_in_Zagreb,Croatian,Professional,1836,Present,Zagreb,,,,,,,,,,,,,,,,,,,,,,,,,,,,,,,,,,,,,,,,,,,,,,,,,,,,,,,,,,,,,,,,,,,,,,,,,,,,,,,,,,,,,,,,,,,,,,,,,Mia Slavenska,Dancer,,,,,,,,,,,,,,,,,,,,,,,,,,,,,,,,,,,,,,,,,,,,,,,,,,,,,,,,,,,,
Zavit Theater,,none,Hebrew,Professional,1958,1968,Tel Aviv,,,,,,,,,,,,,,,Zalmen Hirshfeld,Post,,,,,,,,,,,,,,,,,,,,,,,,,,,,,,,,,,,,,,,,,,,,,,,,,,,,,,,,,,,,,,,,,,,,,,,,,,,,,,,,,,,,,,,,,,,,,,,,,,,,,,,,,,,,,,,,,,,,,,,,,,,,,,,,,,,,,,,,,,,,,,
Zielony Balonik,,https://en.wikipedia.org/wiki/Zielony_Balonik,Polish,Cabaret,1905,,Krakow,,,,,,,,,,,,,,,,,,,,,,,,,,,,,,,,,,,,,,,,,,,,,,,,,,,,,,,,,,,,,,,,,,,,,,,,,,,,,,,,,,,,,,,,,,,,,,,,,Leon Schiller,Actor,Karol Frycz,Designer,Juliusz Osterwa,Writer,Tadeusz Boy-Zelenski,Writer,,,,,,,,,,,,,,,,,,,,,,,,,,,,,,,,,,,,,,,,,,,,,,,,,,,,,,
Zuta,,none,Hebrew,Professional,,,Tel Aviv,,,,,,,Zygmunt Turkow,Post,,,,,,,,,,,,,,,,,,,,,,,,,,,,,,,,,,,,,,,,,,,,,,,,,,,,,,,,,,,,,,,,,,,,,,,,,,,,,,,,,,,,,,,,,,,,,,,,,,,,,,,,,,,,,,,,,,,,,,,,,,,,,,,,,,,,,,,,,,,,,,,,,,,,,,
ZviDance,,http://www.zvidance.com,English,Professional Dance,,,New York,,,,,,,,,,,,,,,,,,,,,,,,,,,,,,,,,,,,,,,,,,,,,,,,,,,,,,,,,,,,,,,,,,,,,,,,,,,,,,,,,,,,,,,,,,,,,,,,,Zvi Gotheiner,"Founder, Dancer",,,,,,,,,,,,,,,,,,,,,,,,,,,,,,,,,,,,,,,,,,,,,,,,,,,,,,,,,,,,